"Organização - Nome","Organização - Atividade econômica","Organização - Negócios em aberto","Organização - Pessoas","Organização - Negócios ganhos","Organização - Negócios perdidos","Organização - Tipo","Organização - Atividades concluídas","Organização - Número de mensagens de e-mail","Organização - Cidade (sede do MKT)","Organização - # Pessoas no MKT","Organização - Investimento MKT (ano)","Organização - UF","Organização - Canal","Organização - Porte","Organização - Nível de satisfação"
"1Doc","","1","1","0","0","","3","0","","0","","","","",""
"2Rios Lingerie","","0","0","0","0","","0","0","","0","","","","",""
"361","","0","0","0","0","","0","0","","0","","","","",""
"3M","","0","0","0","0","","0","0","","0","","","","",""
"3W","","0","1","0","1","","0","0","","0","","","","",""
"3YZ (RS)","","0","15","77","76","agência","57","98","Porto Alegre","0","","Rio Grande do Sul","","",""
"433 ag","","1","1","0","5","","6","0","","0","","","","",""
"4All","","0","1","0","1","","0","0","","0","","","","",""
"7.22 Comunicação","","1","0","0","0","agência","2","0","","0","","","","",""
"888","","0","0","0","0","","0","0","","0","","","","",""
"99POP","","0","0","0","1","","0","0","","0","","","","",""
"9mm (SC)","","0","1","1","0","","2","0","","0","","","","",""
"A Brand","","0","0","0","0","","0","0","","0","","","","",""
"A Máquina","","1","1","0","0","agência","0","0","","0","","","","",""
"A.Yoshii","","1","1","0","0","","0","0","","0","","","","",""
"A2C (SC)","","0","2","3","5","","0","0","","0","","","","",""
"ABDO","","0","0","0","0","","0","0","","0","","","","",""
"Abicalçados","","0","0","0","0","","0","0","","0","","","","",""
"Abradif","","0","0","0","0","","0","0","","0","","","","",""
"Açaí no Ponto","","0","1","0","0","","0","1","","0","","","","",""
"Achieve Languages","","0","0","0","0","","0","0","","0","","","","",""
"Acontecendoaqui","","0","0","0","1","","1","0","","0","","","","",""
"Action Labs","","1","0","0","0","","0","0","","0","","","","",""
"Acuvue","Outros","0","0","1","0","anunciante","0","0","São Paulo","20","R$ 100 a 999 Mil","Paraná","agência","Grande",""
"Adascon imobiliária","","0","0","0","0","","0","0","","0","","","","",""
"Adil Albrecht","","1","1","0","0","","1","0","","0","","","","",""
"Adrockers","","1","0","0","0","","0","0","","0","","","","",""
"AdRockers","","0","0","0","0","","0","0","","0","","","","",""
"AdTail","","0","3","0","4","","1","0","","0","","","","",""
"Aerosleep","","1","0","0","0","","0","0","","0","","","","",""
"AES Sul","","1","1","0","0","","1","1","","0","","","","",""
"Affero Lab","Educação","0","0","3","0","anunciante","0","0","São Paulo","0","R$ 100 a 999 Mil","São Paulo","agência","Médio",""
"Africa (SP)","","0","1","0","1","","0","0","","0","","","","",""
"AFUBRA","","0","1","0","0","","0","0","","0","","","","",""
"AG2 (SP)","","0","2","0","1","","2","0","","0","","","","",""
"AGAS","","0","0","0","0","","0","0","","0","","","","",""
"AGCO","","1","0","0","0","","0","0","","0","","","","",""
"Agencia 110","","0","0","0","0","","0","0","","0","","","","",""
"Agência Azul","","0","0","0","0","","0","0","","0","","","","",""
"Agencia Beats","","1","1","0","0","","0","0","","0","","","","",""
"Agência Bistrô (RS)","","1","3","3","7","","10","0","","0","","","","",""
"Agência Contenido (PR)","","0","0","3","1","","0","0","","0","","","","",""
"Agência DOT (RS)","","0","1","1","4","","1","0","","0","","","","",""
"Agência Duplo","","0","0","1","0","","0","0","","0","","","","",""
"Agência Euphoria","","1","1","0","0","","1","0","","0","","","","",""
"Agência Euphoria","","0","0","0","0","","0","0","","0","","","","",""
"Agencia Familie","","0","1","0","1","","2","0","","0","","","","",""
"Agência Matriz (RS)","","0","6","2","17","","10","1","","0","","","","",""
"Agência MKS","","0","1","1","0","","2","0","","0","","","","",""
"Agência Seven (SC)","","1","2","2","9","agência","19","0","","0","","","","",""
"Agência TH","","0","1","0","2","","0","0","","0","","","","",""
"Agência Vivas","","0","2","0","3","","4","0","","0","","","","",""
"Aggregando.","","0","1","0","1","","0","0","","0","","","","",""
"Agiplan","","3","1","0","1","","3","0","","0","","","","",""
"Agiplan","","0","0","0","0","","0","0","","0","","","","",""
"Agridoce  e Kapper Jornalismo","","0","1","0","1","","0","0","","0","","","","",""
"Agrobella","","1","0","0","0","","0","0","","0","","Rio Grande do Sul","","",""
"Água da Pedra","","0","0","0","0","","0","0","","0","","","","",""
"ALB Marketing","Outros","0","1","9","0","anunciante","2","0","Itapema","1","R$ 100 a 999 Mil","Santa Catarina","direto","Micro","Médio"
"Aldeia (RS)","","0","1","0","2","","1","0","","0","","","","",""
"Alecrim Conteúdo","","0","1","1","0","","1","0","","0","","","","",""
"Alegra","Alimentos e Bebidas","2","0","0","1","anunciante","0","0","Pato Branco","5","R$ 100 a 999 Mil","Paraná","agência","Grande",""
"ALESC","","0","0","0","0","","0","0","","0","","","","",""
"Alisul Alimentos","Agropecuária","1","1","0","0","anunciante","0","0","São Leopoldo","0","","Rio Grande do Sul","direto","Grande",""
"AlmapBBDO (SP)","","0","1","0","1","","0","0","","0","","","","",""
"Almeida Junior","","0","1","0","0","","0","1","","0","","","","",""
"Alright","","0","1","0","0","outro","0","0","","0","","","","",""
"ALRIGHT","","0","0","0","0","","0","0","","0","","","","",""
"alright","","0","1","0","0","outro","0","0","","0","","","","",""
"Alright Media","","0","1","0","0","","0","0","","0","","","","",""
"ALRS","Serviços Públicos","1","0","0","0","anunciante","0","0","Porto Alegre","3","acima R$ 5 Mi","Rio Grande do Sul","agência","Grande",""
"Alto Giro","","0","0","0","0","","0","0","","0","","","","",""
"Ama (RS)","","0","1","0","0","","2","0","","0","","","","",""
"Amazon","","0","0","0","0","","0","0","","0","","","","",""
"Amazon","Informática e Automação","0","1","1","6","anunciante","2","0","São Paulo","5","acima R$ 5 Mi","São Paulo","agência","Médio",""
"Ambev","","0","0","0","0","","0","0","","0","","","","",""
"Amey Oficial","","0","1","0","0","","0","0","","0","","","","",""
"Amey Oficial","Comércio - Atacado e Varejo","0","1","0","1","anunciante","3","0","Curitiba","3","acima R$ 5 Mi","Paraná","direto","Pequeno",""
"Amoralife","","1","1","0","0","","0","0","","0","","","","",""
"Amstel","","0","0","0","0","","0","0","","0","","","","",""
"Ana Fagundes","","0","1","0","1","","1","0","","0","","","","",""
"Anexxo","","0","0","0","0","","0","0","","0","","","","",""
"Anexxo Self Storage","","1","1","0","0","","0","0","","0","","","","",""
"Angeloni","","1","1","0","1","","0","0","","0","","","","",""
"Angeloni - Inauguração Brusque","","0","0","0","1","","0","0","","0","","","","",""
"Animale","","0","0","0","0","","0","0","","0","","","","",""
"Anselmi Malhas","","1","2","0","0","","1","0","","0","","","","",""
"Apple","","0","0","0","0","","0","0","","0","","","","",""
"Aprova Concursos","","0","0","0","0","","0","0","","0","","","","",""
"Aqualive","","0","1","0","1","","1","0","","0","","","","",""
"Aqualive","","0","0","0","0","","0","0","","0","","","","",""
"Aquiris","","0","0","0","1","","0","0","","0","","","","",""
"Arezzo","Couro e Calçados","1","1","0","1","anunciante","1","0","","0","","Rio Grande do Sul","agência","",""
"Arezzo Co","","0","0","0","0","","0","0","","0","","","","",""
"Argo Seguros","","0","1","2","0","","3","0","","0","","","","",""
"Argo Seguros","","0","0","0","0","","0","0","","0","","","","",""
"Arquisul","","0","0","0","1","","1","0","","0","","","","",""
"Arroz Namorado","","1","0","0","0","","0","0","","0","","","","",""
"Artecola Química","","1","1","0","0","","0","0","","0","","","","",""
"Artecola Química","","0","0","0","0","","0","0","","0","","","","",""
"Artex","","0","0","0","0","","0","0","","0","","","","",""
"ASHUA","","0","0","0","1","","0","0","","0","","","","",""
"Assai Atacadista - Blog","","0","0","0","0","","0","0","","0","","","","",""
"Assaí Atacadista - Mega Mídia Group","Alimentos e Bebidas","0","1","0","1","anunciante","0","0","São Paulo","5","R$ 100 a 999 Mil","São Paulo","agência","Grande",""
"Assintecal","","0","1","1","1","","0","0","","0","","","","",""
"Assohonda","Comércio - Atacado e Varejo","0","0","0","0","anunciante","0","0","São Paulo","0","R$ 100 a 999 Mil","São Paulo","agência","Pequeno",""
"Assun","","0","0","0","0","","0","0","","0","","","","",""
"Atelier Mix","","0","0","0","0","","0","0","","0","","","","",""
"ATM","","0","1","0","1","","0","0","","0","","","","",""
"ATM","","0","0","0","0","","0","0","","0","","","","",""
"Audi Center","","0","0","0","0","","0","0","","0","","","","",""
"Aula Livre","Educação","0","1","0","1","anunciante","3","0","Porto Alegre","3","abaixo de R$ 100 mil","Rio Grande do Sul","direto","Micro",""
"Aula Livre","","0","0","0","0","","0","0","","0","","","","",""
"Aurora Alimentos","","1","0","0","0","","0","0","","0","","","","",""
"Aurum Media","","0","0","0","0","","0","0","","0","","","","",""
"Auto Shopping Curitiba","Automotivo","0","1","0","2","anunciante","7","0","Curitiba","3","acima R$ 5 Mi","Paraná","agência","Médio",""
"Autoridade Fitness","","1","1","0","0","","1","0","","0","","","","",""
"Avenida Digital","Outros","0","1","1","0","anunciante","1","0","Londrina","10","R$ 100 a 999 Mil","Paraná","direto","Pequeno",""
"Avipal","","0","0","0","0","","0","0","","0","","","","",""
"Avon","","2","0","0","0","","2","0","","0","","","","",""
"B","","0","1","0","0","","0","0","","0","","","","",""
"Babushka (SP)","","0","3","1","2","","6","0","","0","","","","",""
"Badesul","","0","0","0","0","","0","0","","0","","","","",""
"Balaroti","","1","1","0","0","","4","0","","0","","","","",""
"Balarotti","","0","1","0","0","","2","0","","0","","","","",""
"Banana Brasil","","1","0","0","0","","1","0","","0","","","","",""
"Banco Original","","0","0","0","0","","0","0","","0","","","","",""
"Banco PAN","Financeiro","2","0","0","2","anunciante","6","0","","0","acima R$ 5 Mi","Rio Grande do Sul","agência","Grande",""
"Banricoop","","0","1","0","0","","1","0","","0","","","","",""
"Banrisul","","2","0","4","2","","7","0","","0","","","","",""
"BarraShoppingSul","","1","1","0","0","","1","0","","0","","","","",""
"BASF","","0","0","0","0","","0","0","","0","","","","",""
"Batuca (RS)","","0","1","1","5","","4","0","","0","","","","",""
"BBA","","0","0","0","0","","0","0","","0","","","","",""
"Beauty Color","Outros","0","1","0","6","anunciante","6","0","Pinhais - PR","5","R$ 100 a 999 Mil","Paraná","agência","Grande",""
"Beauty Color","","0","0","0","0","","0","0","","0","","","","",""
"Beauty Date","","1","1","0","0","","0","0","","0","","","","",""
"Bebecê","","0","0","0","0","","0","0","","0","","","","",""
"Beijo Pink","","0","1","1","0","","2","0","","0","","","","",""
"Beira Mar Shopping","","1","0","0","0","","0","0","","0","","","","",""
"Beira-Rio","","1","1","0","1","","1","0","","0","","","","",""
"Belt Nutrition","Saúde","1","1","0","0","anunciante","4","0","Curitiba","2","acima R$ 5 Mi","Paraná","agência","Médio",""
"Beto Carrero","","1","0","0","0","anunciante","0","0","","0","","","","",""
"Bibi Calçados","Couro e Calçados","0","1","0","1","anunciante","0","0","Parobé","3","","Rio Grande do Sul","agência","Médio",""
"Bistrõ","","0","0","0","0","","0","0","","0","","","","",""
"Bit Conteúdo (RS)","","0","1","0","2","","1","0","","0","","","","",""
"Bitnix","","1","2","1","0","","0","0","","0","","","","",""
"Black & Decker","","0","0","0","0","","0","0","","0","","","","",""
"Blasting News","","1","1","0","0","publisher","0","0","","0","","","","",""
"Bluefoot","","1","1","0","0","","0","1","","0","","","","",""
"Blueticket","","1","2","0","1","anunciante","1","0","","0","","","","",""
"Boa Onda","","1","1","0","0","","0","0","","0","","","","",""
"Bolognesi","","0","0","0","0","","0","0","","0","","","","",""
"Bomag Marini","","0","1","0","1","","1","3","","0","","","","",""
"Bonaparte (RS)","","1","3","2","4","","14","0","","0","","","","",""
"Bonprix","","0","0","0","1","","3","0","","0","","","","",""
"Bontempo","","0","1","0","0","","0","0","","0","","","","",""
"Bortolini","","0","0","0","0","","0","0","","0","","","","",""
"Bottero","Couro e Calçados","0","1","0","1","anunciante","5","0","Porto Alegre","3","R$ 100 a 999 Mil","Rio Grande do Sul","agência","Grande",""
"Bourbon","","0","0","0","0","","0","0","","0","","","","",""
"Bourbon Curitiba Convention Hotel","","1","0","0","0","","0","0","","0","","","","",""
"Bovespa","Financeiro","0","0","0","0","anunciante","0","0","São Paulo","5","acima R$ 5 Mi","São Paulo","agência","Grande",""
"Box Brasil","","0","0","0","0","","1","0","","0","","","","",""
"BR Malls","","2","0","0","0","","3","0","","0","","","","",""
"BR Malls Caxias","","1","1","0","0","","0","0","","0","","","","",""
"Br Supply","","1","1","0","0","","0","0","","0","","","","",""
"BRA Digital (RS)","","0","2","19","31","agência","27","62","Novo Hamburgo","0","","","","",""
"Branco","","1","0","0","0","","1","0","","0","","","","",""
"Brandili","","0","1","0","2","","2","2","","0","","","","",""
"Brasil Atacadista","","2","0","0","0","","1","0","","0","","","","",""
"Brasil Kirin","","0","0","0","0","","0","0","","0","","","","",""
"Braskem","","0","0","0","1","","0","0","","0","","","","",""
"Brinox","","0","0","0","0","","0","0","","0","","","","",""
"Brisa Comunicação","","0","0","0","0","","1","0","","0","","","","",""
"Brisa Propaganda","","0","0","0","0","","0","0","","0","","","","",""
"Brivia (RS)","Outros","1","4","73","34","agência","39","15","Novo Hamburgo","0","R$ 100 a 999 Mil","Rio Grande do Sul","","",""
"Bronx (PR)","","1","1","0","0","","1","0","","0","","","","",""
"Bruce (RS)","","0","1","0","0","agência","0","0","","0","","","","",""
"BS Autocenter","","0","1","0","1","","2","0","","0","","","","",""
"BTG","","0","0","0","0","","0","0","","0","","","","",""
"Bureau Multimídia","","0","1","0","2","","2","0","","0","","","","",""
"Burnell","","1","1","0","0","","1","0","","0","","","","",""
"Buscapé","","0","0","0","0","","0","0","","0","","","","",""
"BVZ","","1","1","0","1","","0","0","","0","","","","",""
"Cadastra (RS)","","0","7","5","12","agência","1","5","Porto Alegre","0","","","","",""
"Café do Ponto","","0","0","0","1","","2","0","","0","","","","",""
"Café do Ponto","","0","0","0","0","","0","0","","0","","","","",""
"CalCenter","","0","0","1","0","","0","0","","0","","","","",""
"Calumma Comunicação (SC)","","1","2","0","0","","3","0","","0","","","","",""
"Camicado","","0","0","0","0","","0","0","","0","","","","",""
"Campanha Outbrain Ebook - Virtueyes - Pronexo","","0","0","0","1","","0","0","","0","","","","",""
"Candidata","","0","1","0","0","outro","0","0","","0","","","","",""
"Candidata","","0","0","0","0","outro","0","0","","0","","","","",""
"Candy Shop (PR)","","0","0","0","2","","2","0","","0","","","","",""
"Capemisa Seguros","","1","0","0","0","","0","0","","0","","","","",""
"Capodarte","","0","0","0","0","","0","0","","0","","","","",""
"Car House","","1","0","0","0","","0","0","","0","","","","",""
"Carburgo Veículos","Automotivo","0","1","0","1","anunciante","5","0","Novo Hamburgo","0","","Rio Grande do Sul","direto","",""
"Carrano","","0","0","0","0","","0","0","","0","","","","",""
"Cartola (RS)","","0","1","3","3","","2","0","","0","","","","",""
"Cartoon Network","","0","0","0","1","","1","0","","0","","","","",""
"Casa Valduga","","0","0","0","1","","0","0","","0","","","","",""
"Casa Valduga","","0","0","0","0","","0","0","","0","","","","",""
"Casan","","0","0","0","0","","0","0","","0","","","","",""
"Casaredo","","0","0","0","0","","0","0","","0","","","","",""
"Casas da Água","","1","0","0","0","","0","0","","0","","","","",""
"Cassol Centerlar","","0","0","0","1","","1","0","","0","","","","",""
"CAU-RS","","0","0","0","0","","0","0","","0","","","","",""
"Caza","","0","1","0","1","","0","0","","0","","","","",""
"Caza Wilfrido","","0","0","0","0","","0","0","","0","","","","",""
"CBL","","0","0","0","0","","0","0","","0","","","","",""
"CCGL","","0","0","0","1","","1","0","","0","","","","",""
"CCR","","1","0","0","0","","2","0","","0","","","","",""
"CCR","","0","0","0","0","","0","0","","0","","","","",""
"CCZCOM (PR)","","0","12","14","32","agência","11","6","Curitiba","0","","","","",""
"CDL","","0","1","0","1","","10","0","","0","","","","",""
"Cecilia Dale","","0","0","0","0","","0","0","","0","","","","",""
"CEEE","","0","0","3","0","anunciante","0","0","","0","","","","",""
"Celesc","","1","0","0","0","","0","0","","0","","","","",""
"Censi Emprendimentos","","0","0","0","0","","0","0","","0","","","","",""
"Center Mall","","0","0","0","0","","0","0","","0","","","","",""
"CentralServer","","0","1","0","1","","0","0","","0","","","","",""
"Centro (RS)","","0","2","11","8","","18","0","","0","","","","","Baixo"
"Centro Tecnologico Positivo","","1","0","0","0","","1","0","","0","","","","",""
"Centro Tecnologico Positivo","","0","0","0","0","","0","0","","0","","","","",""
"CentroEco","","0","0","0","1","","0","0","","0","","","","",""
"Centrum","","0","0","0","0","","0","0","","0","","","","",""
"Chope Barley","","0","0","0","0","","0","0","","0","","","","",""
"Cia. Hering","","1","0","0","0","","0","0","","0","","","","",""
"CIEE","","1","0","0","0","","0","0","","0","","","","",""
"Cinco Marias","","0","1","0","1","","0","0","","0","","","","",""
"Citibank","Financeiro","0","1","3","1","anunciante","6","0","","0","acima R$ 5 Mi","","agência","Grande",""
"Claro PR","","1","1","0","0","anunciante","6","0","","0","","","","",""
"Claro RS","Comércio - Atacado e Varejo","0","2","6","0","anunciante","10","0","Porto Alegre","5","acima R$ 5 Mi","Rio Grande do Sul","direto","Grande","Alto"
"ClicDireito","","1","1","0","0","","0","0","","0","","","","",""
"Clínica Central de Consultas","","0","0","0","0","","0","0","","0","","","","",""
"Clinipam","","1","1","0","0","","0","0","","0","","","","",""
"Clint.Solutions","","0","1","0","1","","4","0","","0","","","","",""
"Clube Atlético Paranaense","","0","0","0","0","","0","0","","0","","","","",""
"COC","Educação","0","2","0","3","anunciante","8","0","São Paulo","5","acima R$ 5 Mi","São Paulo","agência","Grande",""
"Coca Cola","","0","0","0","0","","0","0","","0","","","","",""
"Cocel","","1","0","0","0","","0","0","","0","","","","",""
"Cocel","","0","0","0","0","","0","0","","0","","","","",""
"Codere","","0","0","0","0","","0","0","","0","","","","",""
"Cohoo Digital","","0","1","0","1","","0","0","","0","","","","",""
"Colcci","","0","0","0","0","","0","0","","0","","","","",""
"Colégio Agape","","1","0","0","0","","3","0","","0","","","","",""
"Colégio Agape","","0","0","0","0","","0","0","","0","","","","",""
"Colégio Anchieta","","0","0","2","0","","3","0","","0","","","","",""
"Colégio Anchieta","","0","0","0","0","","0","0","","0","","","","",""
"Colégio Energia","","0","0","0","0","","0","0","","0","","","","",""
"Colégio Energia","","1","0","0","2","","2","0","","0","","","","",""
"Colégio Erasto","","1","0","0","0","","2","0","","0","","","","",""
"Colégio Erasto","","0","0","0","0","","0","0","","0","","","","",""
"Colméia","","0","0","0","0","","0","0","","0","","","","",""
"Comasa","Automotivo","0","2","0","2","anunciante","2","0","Londrina","3","R$ 100 a 999 Mil","Paraná","agência","Médio",""
"Combo Promocional","","0","0","0","0","","0","0","","0","","","","",""
"Comfortflex","Couro e Calçados","0","0","1","0","anunciante","0","0","Nova Hartz","0","acima R$ 5 Mi","Rio Grande do Sul","agência","Médio",""
"Compacta Comunicação","","1","1","0","0","","2","0","","0","","","","",""
"Compacta Comunicação","","0","0","0","0","","0","0","","0","","","","",""
"Comper","","1","0","0","2","","5","0","","0","","","","",""
"Competence (RS)","","1","6","12","24","agência","15","33","Porto Alegre","0","","","","",""
"Comusa Novo Hamburgo","Serviços Públicos","1","0","0","0","anunciante","4","0","Novo Hamburgo","0","R$ 100 a 999 Mil","Rio Grande do Sul","agência","",""
"Concessionárias CCV","Automotivo","0","0","0","0","","0","0","Curitiba","5","R$ 100 a 999 Mil","","agência","",""
"Concorrência","","1","0","0","0","","1","0","","0","","","","",""
"Concorrencia","","1","0","0","0","","1","0","","0","","","","",""
"Concorrencia app Mobilidade","","0","0","0","1","","0","0","","0","","","","",""
"Condor Supermercados","Comércio - Atacado e Varejo","1","1","0","3","anunciante","6","0","Curitiba","3","R$ 100 a 999 Mil","Paraná","agência","Grande",""
"Conesul NH","","0","0","0","0","","0","0","","0","","","","",""
"Conexão NF-e","","0","1","0","1","","0","0","","0","","","","",""
"ContaAzul","Financeiro","0","1","14","0","anunciante","0","0","Joinville","0","R$ 100 a 999 Mil","Santa Catarina","direto","Pequeno","Médio"
"Contabilizei","Financeiro","0","1","0","1","anunciante","2","0","curitiba","3","acima R$ 5 Mi","Paraná","direto","Médio",""
"Converse","","0","1","0","0","","0","1","","0","","","","",""
"Cooperativa Frisa","","0","0","0","0","","0","0","","0","","","","",""
"Cooperativa Frisia","","0","0","0","1","","2","0","","0","","","","",""
"Copel","","1","0","2","0","","3","0","","0","","","","",""
"Corsan","Serviços Públicos","0","0","0","0","anunciante","0","0","Porto Alegre","5","acima R$ 5 Mi","Rio Grande do Sul","agência","Grande",""
"Cota Investimentos","","1","0","0","0","","1","0","","0","","","","",""
"Cravo&Canela","","0","0","0","0","","0","0","","0","","","","",""
"Creative Bizz","","0","1","1","0","","0","0","","0","","","","",""
"CreativeBizz","","0","1","0","1","agência","0","0","","0","","","","",""
"Crédito Real","","0","0","0","0","","0","0","","0","","","","",""
"CRO RS","","2","0","0","0","","2","0","","0","","","","",""
"CRO RS","","0","0","0","0","","0","0","","0","","","","",""
"CUB","","0","0","0","0","","0","0","","0","","","","",""
"CUBOCC (SP)","","0","1","0","1","","0","0","","0","","","","",""
"Cultura Inglesa","","0","1","0","1","","1","0","","0","","","","",""
"Cultura Inglesa","","0","0","0","0","","0","0","","0","","","","",""
"Cultura Inglesa","","0","0","0","0","","0","0","","0","","","","",""
"Cyrela","Construção e Imobiliário","0","0","3","0","anunciante","1","0","Londrina","5","acima R$ 5 Mi","Paraná","agência","Grande",""
"Cyrela / Goldzstein","","0","0","0","0","","0","0","","0","","","","",""
"D/Araújo (SC)","","1","0","0","1","","2","0","","0","","","","",""
"DAER","","0","0","0","1","","1","0","","0","","","","",""
"DAER","","0","0","0","0","","0","0","","0","","","","",""
"Daju","","1","1","0","0","","0","0","","0","","","","",""
"Dakota","Couro e Calçados","0","0","0","1","anunciante","3","0","Nova Petrópolis","3","acima R$ 5 Mi","Rio Grande do Sul","agência","Médio",""
"Dália Alimentos","Alimentos e Bebidas","2","1","0","0","anunciante","1","0","Encantado","0","R$ 100 a 999 Mil","Rio Grande do Sul","direto","Grande",""
"Dalia Alimentos","","1","0","0","0","","0","0","","0","","","","",""
"Daniel Cassin","","0","0","0","0","","0","0","","0","","","","",""
"Daspre","","0","1","0","0","","1","0","","0","","","","",""
"DeBrito (RS)","","0","1","0","0","","3","0","","0","","","","",""
"Decatlhon","","0","0","1","0","","0","0","","0","","","","",""
"Decoratta","","0","0","0","0","","0","0","","0","","","","",""
"Dell","","1","2","15","1","anunciante","4","0","Eldorado do Sul","0","","","","",""
"Dell Anno","","0","0","0","0","","0","0","","0","","","","",""
"DentalCremer","","0","1","0","1","","1","0","","0","","","","",""
"Desconhecido PR","","0","0","0","0","","0","0","","0","","","","",""
"Detran PR","","0","0","0","1","","2","0","","0","","","","",""
"Detran RS","","1","0","0","1","","0","0","","0","","","","",""
"Dez Comunicação (RS)","","1","9","11","32","agência","25","107","Porto Alegre","0","","","","",""
"DFSul Fiat","","0","0","0","0","","0","0","","0","","","","",""
"Dialetto (SC)","","0","0","0","0","","0","0","","0","","","","",""
"Diamaju","","1","0","0","0","","0","0","","0","","Rio Grande do Sul","","",""
"Diferencial","","0","1","0","0","","0","0","","0","","","","",""
"Diffuze","","1","1","0","0","agência","1","0","","0","","","","",""
"Digital D","","1","1","0","0","","3","0","","0","","","","",""
"Digital Lifestyle","","0","0","6","0","","0","0","","0","","","","",""
"Dijean - Azaléia","","0","0","0","0","","0","0","","0","","","","",""
"Dimas Construtora","","1","1","1","0","","0","0","","0","","","","",""
"Dimed","","0","1","0","0","","0","0","","0","","","","",""
"Direct Mkt","","0","0","0","0","","0","0","","0","","","","",""
"Direto","","0","0","0","0","","0","0","","0","","","","",""
"Divine Chocolates","Alimentos e Bebidas","0","0","0","0","anunciante","0","0","Encantado","0","R$ 100 a 999 Mil","Rio Grande do Sul","direto","Médio",""
"DLegend","Construção e Imobiliário","0","1","3","0","anunciante","1","0","Porto Alegre","3","R$ 100 a 999 Mil","Rio Grande do Sul","agência","Médio","Alto"
"DLOJAVIRTUAL","Educação","0","1","2","0","anunciante","0","0","","0","","Rio Grande do Sul","direto","Pequeno",""
"Dm9sul (RS)","","0","1","2","6","","24","6","","0","","","","",""
"DMS Box (PR)","","0","1","0","2","","2","0","","0","","","","",""
"Dom Bosco","Educação","0","1","0","1","anunciante","0","0","Curitiba","2","R$ 100 a 999 Mil","Paraná","direto","Médio",""
"Dot Digital Group","","0","1","0","0","","0","0","","0","","","","",""
"Dotz","","1","0","1","0","","1","0","","0","","","","",""
"Dow","","1","0","0","0","","5","0","","0","","","","",""
"Drogarias Nissei","","2","1","0","1","","0","0","","0","","","","",""
"DSM","","1","0","0","0","","0","0","","0","","Rio Grande do Sul","","",""
"Dudalina","","1","0","0","0","","0","0","","0","","","","",""
"Dummond","","0","0","0","0","","0","0","","0","","","","",""
"Dumond","","0","0","0","0","","0","0","","0","","","","",""
"Dupla Grenal| In Loco | Delson","","0","1","0","1","","1","0","","0","","","","",""
"Duplo (RS)","","0","2","1","7","","2","4","","0","","","","",""
"DZ Estúdio (RS)","","2","9","16","22","agência","28","0","Porto Alegre","0","","","","",""
"E-tools Digital Connections (PR)","","0","0","0","0","","0","0","","0","","","","",""
"E21 (RS)","","0","4","12","25","agência","15","40","Porto Alegre","0","","","","",""
"EAE Marketing digital","","0","1","1","0","","0","0","","0","","","","",""
"Editora Globo","","0","1","0","0","","0","0","","0","","","","",""
"Editora Positivo","Comunicação, Edit. e Gráfica","1","2","0","1","anunciante","5","0","Curitiba","3","R$ 100 a 999 Mil","Paraná","direto","Grande",""
"EGR","","0","0","0","0","","0","0","","0","","","","",""
"Elanco","","1","0","0","0","","0","0","","0","","São Paulo","","",""
"Eletrobras","","0","0","0","0","","0","0","","0","","","","",""
"Eletrosul","","1","0","0","0","","0","0","","0","","","","",""
"Elevation Treinamentos - Blueberry","Outros","0","1","6","0","anunciante","1","0","Criciúma","2","R$ 100 a 999 Mil","Santa Catarina","direto","Pequeno","Médio"
"Embraco","","1","0","0","0","","1","0","","0","","","","",""
"Embraco","","0","0","0","0","","0","0","","0","","","","",""
"Embratec","","0","0","0","0","","1","0","","0","","","","",""
"Empreendedor Digital","","0","2","7","0","anunciante","0","0","Porto Alegre","0","R$ 100 a 999 Mil","Rio Grande do Sul","direto","",""
"Empreendedor Sem Fronteiras","Educação","0","1","0","1","anunciante","0","0","São Bernardo do Campo","0","R$ 100 a 999 Mil","São Paulo","direto","Pequeno",""
"Empreendedor Sem Fronteiras","","0","0","0","0","","0","0","","0","","","","",""
"Engie","","0","0","0","0","","0","0","","0","","","","",""
"Equilátero","","1","1","0","0","","0","0","","0","","","","",""
"Equilattero","","0","1","0","1","","0","0","","0","","","","",""
"Equilattero","","0","0","0","0","","0","0","","0","","","","",""
"Esal flores","","1","1","0","0","anunciante","1","0","","0","","","","",""
"Escala (RS)","","3","17","46","79","agência","99","31","Porto Alegre","0","","Rio Grande do Sul","agência","",""
"Escola Vereda","","0","0","0","1","","2","0","","0","","","","",""
"Escolas Maristas","","0","0","0","0","","0","0","","0","","","","",""
"ESPM","","0","0","0","0","","0","0","","0","","","","",""
"ESPM","","0","0","0","0","","0","0","","0","","","","",""
"Estratégica Digital","","0","0","0","0","","0","0","","0","","","","",""
"etools","","1","1","0","0","","1","0","","0","","","","",""
"Eventim","","0","0","0","0","","0","0","","0","","","","",""
"Everson Português para concursos","","0","0","0","0","","0","0","","0","","","","",""
"Excelsior Alimentos","","1","0","0","0","","0","0","","0","","","","",""
"Excelsior Pneus","","1","0","0","0","","0","0","","0","","","","",""
"Exit","","0","0","0","3","","2","0","","0","","","","",""
"Exit (SC)","","1","3","0","7","","9","0","","0","","","","",""
"Ezoom Digital Experience","","0","1","0","1","","0","0","","0","","","","",""
"F.biz (SP)","","0","2","0","1","","0","0","","0","","","","",""
"F/Nazca (SP)","","0","1","0","1","","0","0","","0","","","","",""
"Faccat - Faculdades Integradas de Taquara","Educação","0","1","0","1","anunciante","1","0","Taquara","0","","Rio Grande do Sul","direto","",""
"Faculdade das Indústrias","","0","0","0","0","","0","0","","0","","","","",""
"Faculdade de Maringá","","1","0","0","0","","0","0","","0","","","","",""
"Faculdade Inspirar","","1","1","0","0","","0","0","","0","","","","",""
"Faculdades João Paulo II","Educação","0","1","0","1","anunciante","4","0","Passo Fundo","1","abaixo de R$ 100 mil","Rio Grande do Sul","direto","Pequeno",""
"Faculdades João Paulo II","","0","0","0","0","","0","0","","0","","","","",""
"FADERGS","","0","0","0","0","","0","0","","0","","","","",""
"FAE business school","","1","0","0","0","","0","0","","0","","","","",""
"FAEL","","1","0","0","0","","1","0","","0","","","","",""
"Famastil","","1","2","0","0","","0","1","","0","","","","",""
"Farmácia","","0","0","0","0","","0","0","","0","","","","",""
"Farmácia Associadas","","2","0","0","0","","0","0","","0","","","","",""
"Farmácias Associadas","Saúde","1","4","0","0","anunciante","0","0","Porto Alegre","3","","Rio Grande do Sul","direto","",""
"Fashiom Outlet","","0","1","0","0","","0","0","","0","","","","",""
"Fast Clean","","0","0","0","0","","0","0","","0","","","","",""
"FATEMP","","0","0","0","1","","3","0","","0","","","","",""
"FBV","","1","0","0","0","","0","0","","0","","","","",""
"FCB Brasil (SP)","","0","1","0","1","","0","0","","0","","","","",""
"FCC (DUNDUN)","Material de Construção","1","0","0","0","anunciante","2","0","Campo Bom","0","","Rio Grande do Sul","agência","",""
"Febravar","","0","0","0","0","","0","0","","0","","","","",""
"Feevale","Educação","1","1","0","7","anunciante","17","0","Novo Hamburgo","5","R$ 1 a 5 Mi","Rio Grande do Sul","agência","Médio",""
"FEIPET","Outros","0","0","0","0","anunciante","0","0","Novo Hamburgo","3","abaixo de R$ 100 mil","Rio Grande do Sul","direto","Pequeno","Médio"
"Feira da Loucura por Sapatos","","0","0","0","0","","0","0","","0","","","","",""
"Feira de Imoveis de SC","","0","0","1","0","","3","0","","0","","","","",""
"Feira de Imoveis de SC","","0","0","0","1","","2","0","","0","","","","",""
"Felipe Maricato","","0","0","0","0","","0","0","","0","","","","",""
"Fenac","Outros","2","1","0","0","anunciante","3","0","Novo Hamburgo","1","abaixo de R$ 100 mil","Rio Grande do Sul","agência","Pequeno",""
"Fernanda Nocera","","0","0","0","0","","0","0","","0","","","","",""
"Ferramentas Gedore","","1","1","0","0","","0","1","","0","","","","",""
"FESP SP","Educação","0","0","1","0","anunciante","2","0","São Paulo","0","abaixo de R$ 100 mil","Rio Grande do Sul","direto","Pequeno",""
"Festival Inverso","","0","0","0","0","","0","0","","0","","","","",""
"FFWD (SC)","","0","3","0","5","","5","0","","0","","","","",""
"FG1","","0","1","0","0","","1","0","","0","","","","",""
"FIAT","","0","1","0","2","","1","2","","0","","","","",""
"FIEP","Outros","4","3","41","24","anunciante","10","15","Curitiba","3","R$ 1 a 5 Mi","Paraná","direto","Grande",""
"FIERGS","","1","1","1","1","anunciante","4","0","","0","","Rio Grande do Sul","agência","",""
"FIERGS","","0","0","0","0","","0","0","","0","","","","",""
"FIESC","","1","1","0","0","anunciante","4","0","","0","","","","",""
"Fiever","","0","0","0","0","","0","0","","0","","","","",""
"Figatil","","0","0","0","0","","0","0","","0","","","","",""
"Fila","","0","0","0","0","","0","0","","0","","","","",""
"Film In","","0","0","0","0","","0","0","","0","","","","",""
"Fimec","","0","0","0","0","","0","0","","0","","","","",""
"FISA","","0","0","0","0","","0","0","","0","","","","",""
"Flag (SP)","","0","1","0","1","","0","0","","0","","","","",""
"Florauto","","2","0","0","0","","0","0","","0","","","","",""
"Florense","","1","0","0","0","","0","0","","0","","","","",""
"Floripa Shopping","Outros","0","0","0","2","agência","4","0","Florianópolis","0","R$ 100 a 999 Mil","Santa Catarina","agência","Pequeno",""
"Floripa Shopping","","0","0","0","0","","0","0","","0","","","","",""
"FMP","","1","0","0","0","","0","0","","0","","","","",""
"Folha de S.Paulo","","0","1","0","0","","0","0","","0","","","","",""
"Forum","","0","0","0","0","","0","0","","0","","","","",""
"Fox","","0","0","0","0","","0","0","","0","","","","",""
"Free Multiagência","","0","1","0","3","","7","0","","0","","","","",""
"Freeway","","0","0","0","0","","0","0","","0","","","","",""
"Frigelar","","0","0","0","0","","0","0","","0","","","","",""
"Frigelar","","2","1","0","1","","10","3","","0","","","","",""
"Frigelar","","0","0","0","0","","0","0","","0","","","","",""
"Frimesa","Alimentos e Bebidas","1","0","7","1","anunciante","0","0","Medianeira","20","R$ 100 a 999 Mil","Paraná","agência","Grande",""
"Frontec","","0","0","0","0","","0","0","","0","","","","",""
"Fruki","","1","0","0","0","","0","0","","0","","","","",""
"FSG","","1","1","0","0","","0","0","","0","","","","",""
"FTEC","","1","1","0","0","","0","0","","0","","","","",""
"Fuego","","0","0","0","0","","0","0","","0","","","","",""
"Fundacred","","2","0","0","0","","3","0","","0","","","","",""
"Funeel Laboratório de Marketing","","0","1","0","1","agência","0","0","","0","","","","",""
"FYI","","0","0","0","0","","0","0","","0","","","","",""
"G/pac","","0","0","0","1","","1","0","","0","","","","",""
"GAD","","0","1","1","1","","0","0","","0","","","","",""
"Galeto Mamma Mia","","1","0","0","0","","0","0","","0","","","","",""
"Galeto Mamma Mia","","0","0","0","0","","0","0","","0","","","","",""
"Gampi","","0","0","0","0","","0","0","","0","","","","",""
"Gampi (RS)","","0","2","1","4","agência","2","0","Novo Hamburgo","0","","Rio Grande do Sul","","",""
"Gang","","2","1","0","2","","1","0","","0","","","","",""
"Garst","","0","0","0","0","","0","0","","0","","","","",""
"Garten Shopping","","0","0","0","0","","0","0","","0","","","","",""
"Gas Comunicação (SC)","","0","5","2","14","","2","0","","0","","","","",""
"Gás Multiagência (SC)","","1","1","0","2","","11","0","","0","","","","",""
"Gaston","","0","0","0","0","","0","0","","0","","","","",""
"Gazeta do Povo","Comunicação, Edit. e Gráfica","0","1","0","2","anunciante","0","0","Curitiba","5","R$ 100 a 999 Mil","Paraná","direto","Grande",""
"Gazeta do povo","","0","0","0","0","","0","0","","0","","","","",""
"GDigital","","1","1","0","0","","0","12","","0","","","","",""
"Gdigital","","0","0","0","0","","0","0","","0","","","","",""
"Geofusion","Informática e Automação","0","0","0","1","anunciante","0","0","São Paulo","5","R$ 100 a 999 Mil","São Paulo","agência","Médio",""
"Gerdau","","1","0","0","0","","0","0","","0","","","","",""
"Getnet","","0","0","0","0","","0","0","","0","","","","",""
"Getz","","0","0","0","0","","0","0","","0","","","","",""
"Getz","","0","0","0","0","","0","0","","0","","","","",""
"GHFly (PR)","","1","3","3","1","","4","0","","0","","","","",""
"Global","","0","0","0","0","","0","0","","0","","","","",""
"Global (RS)","","0","10","64","62","agência","73","110","Porto Alegre","0","","Rio Grande do Sul","","",""
"Global Ad","","0","1","1","2","","0","0","","0","","","","",""
"GlobalAd (RS)","","0","1","2","2","agência","0","0","","0","","","","",""
"GM","","0","0","0","0","","0","0","","0","","","","",""
"GND Empreendimentos","","0","0","0","0","","0","0","","0","","","","",""
"Go! Fu English","","0","1","0","1","","1","0","","0","","","","",""
"Google","","0","0","0","0","","0","0","","0","","","","",""
"Governo do Estado do PR","Serviços Públicos","2","1","2","2","anunciante","8","0","Curitiba","10","R$ 1 a 5 Mi","Paraná","agência","Grande",""
"Governo RS","","0","0","0","0","anunciante","0","0","","0","","","agência","",""
"governo SC","","0","0","0","0","","0","0","","0","","","","",""
"Gpac","","0","0","0","0","","0","0","","0","","","","",""
"Gramado Parks","","0","0","0","1","","1","0","","0","","","","",""
"Gramado Parks","","0","0","0","0","","0","0","","0","","","","",""
"Gramado Parks","","0","1","2","4","","5","16","","0","","","","",""
"Gran Park","","1","1","0","0","","0","0","","0","","","","",""
"Grêmio","","1","1","0","0","","0","0","","0","","","","",""
"Grendene","","2","2","1","1","","3","0","","0","","","","",""
"Grendene Kids","","1","1","0","2","","0","0","","0","","","","",""
"GRU","","0","0","0","0","","0","0","","0","","","","",""
"GRU","","0","0","0","0","","0","0","","0","","","","",""
"GRU Airport","","0","0","0","0","","0","0","","0","","","","",""
"Grupo A","","0","1","0","1","","0","0","","0","","","","",""
"Grupo CGC","","0","0","0","0","","0","0","","0","","","","",""
"Grupo Chiru Comunicações","","1","1","0","0","outro","0","0","","0","","","","",""
"Grupo DASS","","1","1","0","0","","3","0","","0","","","","",""
"Grupo de Mídia (SC)","","0","1","1","0","","5","0","","0","","","","",""
"Grupo Fórmula (SC)","","1","2","1","3","","17","0","Florianópolis","0","","Santa Catarina","","",""
"Grupo Frohlich","","0","0","0","0","","0","0","","0","","","","",""
"Grupo Herval","","1","5","1","9","anunciante","13","3","","0","","","","",""
"Grupo Isdra","","0","0","0","0","","0","0","","0","","","","",""
"Grupo Isdra","","1","0","0","0","","0","0","","0","","","","",""
"Grupo Isdra","","0","0","0","0","","0","0","","0","","","","",""
"Grupo K1","","0","0","0","0","","0","0","","0","","","","",""
"Grupo Muffato","","1","1","0","0","","1","0","","0","","","","",""
"Grupo OPET","","2","1","0","0","","1","0","","0","","","","",""
"Grupo Priority","","1","1","0","2","","1","0","","0","","","","",""
"Grupo Sandra","","1","1","0","0","","0","0","","0","","","","",""
"Grupo Servopa","Automotivo","1","1","0","1","anunciante","3","0","Curitiba","3","R$ 100 a 999 Mil","Paraná","agência","Grande",""
"Grupo Studio","Outros","1","1","1","0","anunciante","0","0","Porto Alegre","0","","Rio Grande do Sul","direto","Micro",""
"Grupo Technos","","0","0","0","0","","0","0","","0","","","","",""
"Grupo Thá","","1","1","0","0","","2","0","","0","","","","",""
"Grupo Vibra","","0","1","0","1","","0","0","","0","","","","",""
"Guarda Bem","","1","0","0","0","","0","0","","0","","","","",""
"Guarda Bem","","0","0","0","0","","0","0","","0","","","","",""
"Guarida","","0","0","0","0","","0","0","","0","","","","",""
"Guiainvest","Financeiro","0","1","11","0","anunciante","0","0","Porto Alegre","0","R$ 100 a 999 Mil","Rio Grande do Sul","direto","Pequeno",""
"H.Lar","","0","0","0","0","","0","0","","0","","","","",""
"Hart's Natural","","1","1","0","0","","0","0","","0","","","","",""
"Hashi","","0","1","0","0","","1","0","","0","","","","",""
"Hathor S.A","","1","0","0","0","","0","0","","0","","","","",""
"Havan","","2","0","0","0","","3","0","","0","","","","",""
"head","","0","0","0","0","","0","0","","0","","","","",""
"Head of Media","","0","1","1","1","","1","0","","0","","","","",""
"Heads","","0","0","0","0","","0","0","","0","","","","",""
"Heads (PR)","","0","3","0","0","","0","0","","0","","","","",""
"Herbarium","","0","0","0","0","","0","0","","0","","","","",""
"Hercosul","","0","0","0","0","","0","0","","0","","","","",""
"Híbrido","","0","1","0","1","","3","2","","0","","","","",""
"Hinchas","","0","1","0","1","","0","0","","0","","","","",""
"Hippo","","1","1","0","0","","0","0","","0","","","","",""
"Histórias Incríveis","","0","0","0","0","","0","0","","0","","","","",""
"HMED","Saúde","0","1","14","1","anunciante","0","0","Balneário Camboriú","2","R$ 1 a 5 Mi","Santa Catarina","direto","Pequeno","Médio"
"Hospital Mãe de Deus","","0","1","0","1","","0","0","","0","","","","",""
"Hospital Moinhos de Vento","","0","1","0","1","","0","0","","0","","","","",""
"Hot Games Mobile","","0","0","0","0","","0","0","","0","","","","",""
"Hotel Laghetto","Turismo e Hotelaria","1","0","0","1","anunciante","5","0","Gramado","3","R$ 100 a 999 Mil","Rio Grande do Sul","agência","Pequeno",""
"House Cricket (PR)","Comércio - Atacado e Varejo","0","4","29","37","agência","5","10","Curitiba","20","R$ 100 a 999 Mil","Paraná","agência","Grande",""
"HT Solutions","","0","1","0","1","","3","1","","0","","","","",""
"HTPro","","0","0","0","0","","0","0","","0","","","","",""
"Hunter","","1","1","0","0","","0","0","","0","","","","",""
"Husqvarna","Máquinas e Equipamentos","0","0","6","0","anunciante","0","0","","0","R$ 1 a 5 Mi","Rio Grande do Sul","agência","Grande",""
"HW7","","0","0","0","0","","0","0","","0","","","","",""
"Hydra","","0","0","0","1","","0","0","","0","","","","",""
"Hype Studio Arquitetura","","0","0","0","1","","1","0","","0","","","","",""
"Hyper Island","","0","0","0","0","","0","0","","0","","","","",""
"Hyundai","","0","0","0","0","","0","0","","0","","","","",""
"I Fashion Outlet","","0","1","0","1","","4","0","","0","","","","",""
"i-Cherry (PR)","Comércio - Atacado e Varejo","0","9","8","19","agência","2","0","Curitiba","10","R$ 100 a 999 Mil","Paraná","","Grande",""
"I360","","1","0","0","0","","2","0","","0","","","","",""
"IBASA","","0","0","2","0","","0","0","","0","","","","",""
"IBMEC","Educação","0","0","2","0","anunciante","0","0","São Paulo","10","R$ 100 a 999 Mil","São Paulo","agência","Médio",""
"IBMR","","0","0","1","0","","1","0","","0","","","","",""
"Ibravin","Outros","1","1","1","0","anunciante","1","1","Bento Gonçalves","3","R$ 100 a 999 Mil","Rio Grande do Sul","agência","Pequeno",""
"iCasei","","0","1","0","1","","3","0","","0","","","","",""
"Icatu seguros","","1","1","0","0","","0","0","","0","","","","",""
"ID (SP)","","0","1","0","1","","0","0","","0","","","","",""
"Idealiza Empreendimentos","","0","0","0","0","","0","0","","0","","","","",""
"IEL","","0","0","0","0","","0","0","","0","","","","",""
"Ielusc","","0","0","0","1","","0","0","","0","","","","",""
"IESA","","0","0","0","0","","0","0","","0","","","","",""
"iFashion","","0","0","0","0","","0","0","","0","","","","",""
"IGL - Instituto Gaúcho do Leite","","0","0","0","0","","0","0","","0","","","","",""
"Igreja Adventista do Sétimo Dia","","0","0","0","0","","0","0","","0","","","","",""
"Iguatemi Alphaville","","0","0","0","0","","0","0","","0","","","","",""
"Iguatemi JK","","0","0","0","0","","0","0","","0","","","","",""
"Iguatemi POA","Comércio - Atacado e Varejo","0","0","2","0","anunciante","0","0","Porto Alegre","5","R$ 100 a 999 Mil","Rio Grande do Sul","agência","Médio",""
"Iguatemi São José do Rio Preto","","0","0","0","0","","0","0","","0","","","","",""
"Iguatemi São Paulo","","1","0","4","1","anunciante","0","0","","0","","","","",""
"IM8","","0","1","0","0","","1","0","","0","","","","",""
"Imagem Propaganda","","0","2","0","1","","2","0","","0","","","","",""
"Imaginarium","","2","0","0","0","","1","0","","0","","","","",""
"Imam Comunicação","","1","1","0","0","","2","0","","0","","","","",""
"IMED","","1","0","0","0","","0","0","","0","","","","",""
"Imobiliária Gramado Invest","","0","1","0","0","","1","1","","0","","","","",""
"In Loco Media","","0","1","1","0","","0","0","","0","","","","",""
"InBetta","","0","0","0","0","","1","0","","0","","","","",""
"Incepa","","1","1","0","0","","0","0","","0","","","","",""
"Incorporadora Kopstein","","0","0","0","1","","3","0","","0","","","","",""
"Incorporadora Kopstein","","0","0","0","0","","0","0","","0","","","","",""
"Industria Mili","","1","1","0","0","","4","0","","0","","","","",""
"INEX (RS)","","0","1","0","1","","1","0","","0","","","","",""
"Infoar","","1","1","0","0","anunciante","1","0","","0","","","direto","",""
"Inovalabs","","1","1","0","0","","0","0","","0","","","","",""
"Insper","Educação","0","0","0","0","anunciante","0","0","São Paulo","0","R$ 100 a 999 Mil","São Paulo","direto","Médio",""
"Instamed","","0","0","0","1","","2","0","","0","","","","",""
"Instamed","","0","0","0","0","","0","0","","0","","","","",""
"Instituto Golden","","1","0","0","0","","1","0","","0","","","","",""
"Intermix Comunicação","","1","2","0","0","","0","0","","0","","","","",""
"Internacional","","0","0","0","0","","0","0","","0","","","","",""
"Investidor de Sucesso","","1","1","3","1","","2","0","","0","","","","",""
"Ipiranga Distribuidora","","0","1","0","1","","0","1","","0","","","","",""
"iPlace","","0","0","0","1","","2","0","","0","","","","",""
"Isae Brasil FGV","","0","1","0","1","","7","0","","0","","","","",""
"Ispersul","","0","0","0","1","","2","0","","0","","","","",""
"Itaipu","","0","1","0","1","","0","0","","0","","","","",""
"ITALÍNEA","","0","0","0","0","","0","0","","0","","","","",""
"Jacoby","","0","1","1","3","","0","0","","0","","","","",""
"Jasmine","","0","0","0","0","","0","0","","0","","","","",""
"JBL","","0","0","0","0","","0","0","","0","","","","",""
"JDM Seguros","","0","1","0","1","","0","0","","0","","","","",""
"JDM Seguros","","0","0","0","0","","0","0","","0","","","","",""
"João Santos Imóveis","","0","1","0","0","","0","1","","0","","","","",""
"John Deere","Máquinas e Equipamentos","2","0","0","0","anunciante","0","0","Indaiatuba","3","R$ 100 a 999 Mil","São Paulo","agência","Médio",""
"Johnson Controls Automotive","","0","1","0","0","","0","0","","0","","","","",""
"Jorge Bischoff","","1","2","0","2","","2","0","","0","","","","",""
"Jr Digital","","0","0","0","0","","0","0","","0","","","","",""
"Jump Media","","0","0","0","0","","0","0","","0","","","","",""
"Jussi (SP)","","0","1","0","1","","0","0","","0","","","","",""
"JWT (SP)","","0","3","0","1","","2","0","","0","","","","",""
"Kepler Weber","","0","0","0","0","","0","0","","0","","","","",""
"Kildare","Couro e Calçados","0","1","0","1","anunciante","1","0","Novo Hamburgo","0","","Rio Grande do Sul","direto","Médio",""
"Kindle","","0","0","0","0","","1","0","","0","","","","",""
"Kindle","","0","0","0","0","","0","0","","0","","","","",""
"Klabin","","0","0","0","0","","0","0","","0","","","","",""
"KLIN","","0","0","0","1","","1","0","","0","","","","",""
"Koch Supermercados","","0","0","0","0","","0","0","","0","","","","",""
"Kodak","","0","0","0","0","","0","0","","0","","","","",""
"Koerich","","0","0","0","0","","0","0","","0","","","","",""
"Korova","","2","0","0","0","anunciante","0","0","","0","R$ 100 a 999 Mil","Santa Catarina","direto","",""
"Kuhn","","1","1","0","0","","0","0","","0","","Paraná","","",""
"La Moda","","1","0","0","0","","1","0","","0","","","","",""
"La Salle","","0","0","0","0","","0","0","","0","","","","",""
"Laboratório Alfa","","0","0","0","0","","0","0","","0","","","","",""
"Laçador de Ofertas","","0","1","0","1","","0","0","","0","","","","",""
"Laçador de Ofertas","","0","0","0","0","","0","0","","0","","","","",""
"Lança Perfume","","0","0","0","0","","0","0","","0","","","","",""
"Languiru","","0","0","0","0","","0","0","","0","","","","",""
"Latvida","","1","0","0","0","","0","0","","0","","Rio Grande do Sul","","",""
"Laura Silveira","","0","0","0","0","","0","0","","0","","","","",""
"Laureate","","0","0","0","0","","0","0","","0","","","","",""
"LDC","","0","0","0","2","","0","0","","0","","","","",""
"LDM Digital","","0","1","2","0","","0","0","","0","","","","",""
"LDM Digital","","0","0","0","0","","0","0","","0","","","","",""
"Le Grand Burger","Alimentos e Bebidas","0","1","0","1","anunciante","3","0","Porto Alegre","1","abaixo de R$ 100 mil","Rio Grande do Sul","agência","Micro",""
"Le Monde Citroen","Automotivo","1","0","5","1","anunciante","9","0","Florianópolis","0","R$ 1 a 5 Mi","Santa Catarina","agência","Médio",""
"Lead Lovers","Informática e Automação","0","1","3","0","anunciante","1","0","Curitiba","5","abaixo de R$ 100 mil","Paraná","direto","Pequeno",""
"Leis Online","","0","0","0","0","","0","0","","0","","","","",""
"Leo Burnett (SP)","","0","2","0","1","","0","0","","0","","","","",""
"Level Acabamentos","","0","1","0","1","","1","0","","0","","","","",""
"LG Eletronics","","0","1","0","1","","2","0","","0","","","","",""
"Librelato","","0","0","0","0","","0","0","","0","","","","",""
"Lifestyle Empreendimentos","Outros","0","1","2","0","anunciante","0","0","Curitiba","3","R$ 100 a 999 Mil","Paraná","direto","Micro",""
"Lifestyle Empreendimentos","","0","0","0","0","","0","0","","0","","","","",""
"LimeGreen","","1","0","0","0","","0","0","","0","","","","",""
"LiveAD (SP)","","0","1","0","1","","0","0","","0","","","","",""
"Loducca (SP)","","0","1","0","1","","0","0","","0","","","","",""
"Loft Digital","","1","1","0","0","agência","1","0","Novo Hamburgo","0","","Rio Grande do Sul","","",""
"Loja Baby Decor","","2","1","0","0","","0","0","","0","","","","",""
"Loja Bomtempo","","1","1","0","0","","0","0","","0","","","","",""
"Lojas Avenida","","2","0","0","0","","1","0","","0","","","","",""
"Lojas Benoit","Comércio - Atacado e Varejo","1","2","0","0","anunciante","0","0","Lajeado","0","","Rio Grande do Sul","","",""
"Lojas Benoit","","0","0","0","0","","0","0","","0","","","","",""
"Lojas Certel","","1","1","0","0","","0","2","","0","","","","",""
"Lojas Colombo","Comércio - Atacado e Varejo","1","3","1","4","anunciante","6","0","Farroupilha","5","acima R$ 5 Mi","Rio Grande do Sul","agência","Grande",""
"Lojas Coppel","","0","0","0","0","","0","0","","0","","","","",""
"Lojas Coppel","","0","0","0","0","","0","0","","0","","","","",""
"Lojas KD","Móveis","1","1","0","0","anunciante","3","0","Pinhais - PR","4","R$ 100 a 999 Mil","","direto","",""
"Lojas Lebes","","3","1","0","0","anunciante","2","0","","0","","","","",""
"Lojas Paquetá","","0","0","0","0","","0","0","","0","","","","",""
"Lojas Pompeia","Comércio - Atacado e Varejo","2","0","1","4","anunciante","8","0","Porto Alegre","5","acima R$ 5 Mi","Rio Grande do Sul","agência","Médio",""
"Lojas Quero-quero","","1","1","0","0","","1","0","","0","","","","",""
"Lojas Renner","Comércio - Atacado e Varejo","2","1","4","1","anunciante","2","0","Porto Alegre","10","acima R$ 5 Mi","Rio Grande do Sul","agência","Grande",""
"Los Paleteros","","0","0","0","0","","0","0","","0","","","","",""
"Loucos & Santos","Couro e Calçados","0","1","0","0","anunciante","0","0","Igrejinha","1","abaixo de R$ 100 mil","Rio Grande do Sul","agência","Médio",""
"Lovers","","0","2","0","3","","2","0","","0","","","","",""
"Lowe (SP)","","0","1","0","1","","0","0","","0","","","","",""
"Ls Tractor","Máquinas e Equipamentos","0","0","1","0","anunciante","3","0","Palmital","5","R$ 100 a 999 Mil","Santa Catarina","agência","Pequeno",""
"Lua da Lua","","0","0","0","0","","0","0","","0","","","","",""
"Luhome","","0","0","0","1","","2","0","","0","","","","",""
"Luhome","","0","0","0","0","","0","0","","0","","","","",""
"Luigi Bertolli","","1","0","0","0","anunciante","3","0","","0","","Rio Grande do Sul","direto","",""
"Luz da Lua","Couro e Calçados","0","1","0","0","anunciante","0","0","Novo Hamburgo","1","abaixo de R$ 100 mil","Rio Grande do Sul","agência","Médio",""
"Luz da Serra","Outros","0","2","7","0","anunciante","0","0","Nova Petrópolis","1","abaixo de R$ 100 mil","Rio Grande do Sul","direto","Micro",""
"Luzeeva","","0","1","2","0","","0","0","","0","","","","",""
"M Leite","","0","0","0","0","","0","0","","0","","","","",""
"Macromix Atacado","","0","0","0","1","","0","0","","0","","","","",""
"Madero","","2","1","0","0","","1","0","","0","","","","",""
"Madesa","","0","0","0","0","","0","0","","0","","","","",""
"Madesa","","0","0","0","0","","0","0","","0","","","","",""
"Magazine Luiza","","0","0","0","0","","0","0","","0","","","","",""
"Mahogany","Outros","0","0","0","2","anunciante","5","0","São Paulo","0","","São Paulo","agência","Médio",""
"Mahogany","","0","0","0","0","","0","0","","0","","","","",""
"Maiojama","Construção e Imobiliário","1","0","0","1","anunciante","0","0","Porto Alegre","3","acima R$ 5 Mi","Rio Grande do Sul","agência","Grande",""
"Mairo Vergara","Educação","0","1","1","0","anunciante","0","0","Londrina","2","R$ 100 a 999 Mil","Paraná","direto","Micro",""
"Mais Econômica","","1","0","0","0","","0","0","","0","","","","",""
"Mais Econômica","","0","0","0","0","","0","0","","0","","","","",""
"Mais Pipoca","","0","1","1","0","","3","0","","0","","","","",""
"Make Up","","0","1","0","1","","0","2","","0","","","","",""
"Makeup","","0","0","0","0","","0","0","","0","","","","",""
"Marcopolo","","1","1","0","0","","0","0","","0","","","","",""
"Marcos Martinelli","","0","1","0","0","","0","0","","0","","","","",""
"Marcos Martinelli","","0","0","0","0","","0","0","","0","","","","",""
"Marelli","","2","0","0","0","","2","0","","0","","","","",""
"Marisol","Têxtil e Confecções","1","1","0","1","anunciante","2","0","Jaraguá do Sul (SC)","0","","Santa Catarina","","Grande",""
"Maristas","","0","3","0","1","","1","2","","0","","","","",""
"Marke","","0","0","0","0","","0","0","","0","","","","",""
"Marprom","","0","3","0","7","","0","0","","0","","","","",""
"Marte Digital | Escala Metra","","0","1","0","1","","0","0","","0","","","","",""
"Martins e Andrade (RS)","","0","2","0","1","","4","0","","0","","","","",""
"Massey Ferguson","","0","0","0","0","","0","0","","0","","","","",""
"Master","","0","0","0","0","","0","0","","0","","","","",""
"Max Formula","","0","2","4","1","","0","0","","0","","","","",""
"Max Imobiliária","","0","0","0","1","","1","0","","0","","","","",""
"Maxflex Colchões","","1","1","0","0","","0","0","","0","","","","",""
"Maxxi Atacado","Comércio - Atacado e Varejo","0","0","1","0","anunciante","3","0","","0","acima R$ 5 Mi","Rio Grande do Sul","agência","Grande",""
"Me Gusta","","0","1","0","2","","0","0","","0","","","","",""
"Me Salva","","0","0","0","1","","0","0","","0","","","","",""
"Meber","Metalurgia","1","0","0","0","anunciante","0","0","Bento Gonçalves","0","R$ 100 a 999 Mil","Rio Grande do Sul","agência","Médio",""
"Media4You","","1","1","0","4","","1","2","","0","","","","",""
"Mega Midia (PR)","","0","0","0","0","","0","0","","0","","","","",""
"Meliá","","1","2","1","0","","1","0","","0","","","","",""
"Melnick","","0","0","0","0","","0","0","","0","","","","",""
"Melnick","","0","0","0","0","","2","0","","0","","","","",""
"Melora","","0","0","0","1","","0","0","","0","","","","",""
"Mercantil Rodrigues","","0","1","0","1","","0","0","","0","","","","",""
"Merkator Feiras e Eventos","Outros","0","0","1","0","anunciante","6","0","Novo Hamburgo","0","R$ 100 a 999 Mil","Rio Grande do Sul","agência","Pequeno",""
"Meta Comunicação","","0","1","1","1","","4","0","","0","","","","",""
"MidiaWeb","","1","2","0","2","","2","0","","0","","","","",""
"midiaweb","","1","1","0","0","agência","0","0","","0","","","","",""
"Ministério da Saúde","","1","0","0","0","","1","0","","0","","","","",""
"Miolo","","0","0","0","0","","0","0","","0","","","","",""
"Miolo","","0","0","0","0","","0","0","","0","","","","",""
"Mirum (PR)","","0","1","0","0","","0","0","","0","","","","",""
"Mississipi","Couro e Calçados","1","2","1","0","anunciante","5","0","Nova Petrópolis","2","R$ 1 a 5 Mi","Rio Grande do Sul","agência","Médio",""
"Mistertech","","0","0","0","2","","2","0","","0","","","","",""
"mkt4edu","","0","0","0","0","","0","0","","0","","","","",""
"MMc","Automotivo","0","1","0","1","anunciante","2","0","Curitiba","2","R$ 100 a 999 Mil","Paraná","agência","Grande",""
"Modern","","0","1","1","0","","0","0","","0","","","","",""
"Moleca/Beira Rio","","2","1","0","0","","0","0","","0","","","","",""
"Moon Marketing","","1","1","0","0","","0","0","","0","","","","",""
"Moove (RS)","","1","6","3","6","agência","9","0","","0","","","","",""
"Morana","","0","0","0","0","","0","0","","0","","","","",""
"Morana","","0","0","0","0","","0","0","","0","","","","",""
"More Comunicação","","0","1","0","1","","0","0","","0","","","","",""
"Morena Rosa","","1","0","0","0","","0","0","","0","","","","",""
"Mormaii","","1","1","0","5","anunciante","1","0","Garopaba","0","","Santa Catarina","","",""
"Morphy Digital","","0","0","0","1","","0","0","","0","","","","",""
"Morrostock","","0","0","0","0","","0","0","","0","","","","",""
"Morya (RS)","","1","2","2","1","agência","11","1","","0","","","","",""
"Mosarte","","1","0","0","0","","0","0","","0","","","","",""
"Mosmann Alimentos","","0","0","0","1","","3","0","","0","","","","",""
"Móveis Campo Largo","","0","0","0","0","","0","0","","0","","","","",""
"Mp+ Comunicação Visual","","0","1","0","0","","0","0","","0","","","","",""
"MPQuatro (RS)","","0","1","4","2","outro","1","0","","0","","","","",""
"MPSC","","0","0","0","0","","0","0","","0","","","","",""
"Mr. Wolf","","0","1","0","1","outro","0","0","","0","","","","",""
"MSD","","0","0","0","0","","0","0","","0","","","","",""
"MTG","","0","0","0","1","","6","0","","0","","","","",""
"Multi  Test Brasil","","0","0","0","1","","3","0","","0","","","","",""
"Multi Test Brasil","","0","0","0","0","","0","0","","0","","","","",""
"Multisom","","1","0","0","0","","0","0","","0","","","","",""
"Mundo do Chocolate","","1","0","0","0","","2","0","","0","","","","",""
"Mustang Sally","Alimentos e Bebidas","0","0","0","1","anunciante","0","0","Curitiba","5","R$ 100 a 999 Mil","Paraná","agência","Médio",""
"MV Trevisan","Comunicação, Edit. e Gráfica","0","1","1","0","anunciante","0","0","Novo Hamburgo","5","acima R$ 5 Mi","Rio Grande do Sul","direto","Micro","Médio"
"MXM","","0","1","0","0","","0","0","","0","","","","",""
"MyFt","","0","0","0","0","","0","0","","0","","","","",""
"Mythos Comunicação","","0","1","1","0","","1","0","","0","","","","",""
"Nação Digital","","1","1","0","0","","1","0","","0","","","","",""
"Nacional Vox","","1","1","0","0","","0","0","","0","","","","",""
"Nações Shopping","","0","0","0","0","","0","0","","0","","","","",""
"Nalu Digital","","1","0","0","0","","0","0","","0","","","","",""
"Não aberto Concorrencia","","1","0","0","1","","1","0","","0","","","","",""
"Nat","","0","0","0","0","","0","0","","0","","","","",""
"Nat Frango","","2","0","2","1","","3","0","","0","","","","",""
"Natal Luz","","0","0","0","0","","0","0","","0","","","","",""
"Naturalle","","0","0","0","0","","0","0","","0","acima R$ 5 Mi","","","",""
"Naturalle Feijão","Agropecuária","1","1","0","1","anunciante","4","0","Pato Branco","3","R$ 100 a 999 Mil","Paraná","agência","Grande",""
"Neodent","","0","0","0","0","","0","0","","0","","","","",""
"Neogrid","","0","0","0","0","","0","0","","0","","","","",""
"Neovox (SC)","","1","1","25","21","agência","60","20","Florianópolis","0","","Santa Catarina","","",""
"NET","","0","0","0","0","","0","0","","0","","","","",""
"Neugebauer","","1","1","0","0","","0","0","","0","","","","",""
"New Blue","","0","1","0","1","","0","0","","0","","","","",""
"New Blue (SP)","","0","6","1","5","","1","0","","0","","","","",""
"New Vegas (SP)","","0","2","1","2","","1","1","","0","","","","",""
"Nex Group","","1","1","0","0","","0","0","","0","","","","",""
"Nextel","","2","1","0","2","","6","0","","0","","","","",""
"Nióbio Marketing Digital (SC)","","1","1","0","0","","0","0","","0","","","","",""
"NOC (RS)","","0","1","1","11","","3","0","","0","","","","",""
"NOHELMET (SC)","","0","1","1","0","","1","0","","0","","","","",""
"Noize","","0","0","0","1","","0","0","","0","","","","",""
"Noize","","0","0","0","0","","0","0","","0","","","","",""
"Nossa Hercílio de Luz","","0","0","0","0","","0","0","","0","","","","",""
"Núcleo de Propaganda","","2","2","0","0","","5","0","","0","","","","",""
"Nucleo Propaganda","","0","0","0","0","","0","0","","0","","","","",""
"Nutrella","","0","2","0","1","","0","0","","0","","","","",""
"Nutrifrango","","0","0","0","0","","0","0","","0","","","","",""
"Nutrimental","","1","0","0","0","","0","0","","0","","","","",""
"O Boticário","Outros","5","1","20","0","anunciante","2","0","São José dos Pinhais","10","acima R$ 5 Mi","Paraná","agência","Grande",""
"O Boticário | Network | Nov","","0","0","1","0","","0","0","","0","","","","",""
"O Butiá, Itapuã","","0","1","0","1","anunciante","0","0","","0","","","","",""
"O Butiá, Itapuã","","0","1","0","0","","0","0","","0","","","","",""
"OAS","","0","0","0","0","","0","0","","0","","","","",""
"Obra Prima Importadora","","1","1","0","0","","0","0","","0","","","","",""
"Odebrecht","","0","0","0","0","","0","0","","0","","","","",""
"Oderich","","1","1","0","0","","0","0","","0","","","","",""
"Ogilvy (SP)","","0","1","0","0","","0","0","","0","","","","",""
"Oktoberfest","","0","0","0","0","","0","0","","0","","","","",""
"Oktoberfest Igrejinha","","0","0","0","0","","0","0","","0","","","","",""
"Olympikus","","0","0","0","0","","0","0","","0","","","","",""
"Omar Calçados","","0","0","0","0","","0","0","","0","","","","",""
"Omar Calçados","Comércio - Atacado e Varejo","0","1","0","1","anunciante","7","0","Curitiba","2","R$ 100 a 999 Mil","Paraná","agência","Médio",""
"OneWG (SC)","","0","4","3","8","","2","8","","0","","","","",""
"ONG Oceana","","0","0","0","0","","0","0","","0","","","","",""
"Opngo","","0","0","0","1","","1","0","","0","","","","",""
"Opngo","","0","0","0","0","","0","0","","0","","","","",""
"Opus Promoções","","0","1","2","0","","2","0","","0","","","","",""
"OpusMultipla (PR)","","0","1","0","0","","1","0","","0","","","","",""
"Organnact","","1","0","0","0","","0","0","","0","","Paraná","","",""
"Oro (RS)","","1","0","0","0","","0","0","","0","","","","",""
"Orquídea","","0","1","0","0","","2","0","","0","","","","",""
"Orsegups - Winker Condomínios","Outros","0","0","0","1","anunciante","3","0","São José - SC","0","","Santa Catarina","agência","",""
"Orthomundi","","0","0","0","1","","0","0","","0","","","","",""
"Orthomundi","","0","0","0","0","","0","0","","0","","","","",""
"Ortopé/Paquetá","","0","1","0","1","","2","0","","0","","","","",""
"Otimifica Inbound PR","","0","1","0","0","","0","0","","0","","","","",""
"OU","","0","0","0","0","","0","0","","0","","","","",""
"Oven","Alimentos e Bebidas","1","0","0","1","anunciante","5","0","Curitiba","0","R$ 100 a 999 Mil","Paraná","agência","Pequeno",""
"OXI Comunicação (RS)","","1","2","21","5","agência","8","0","Porto Alegre","0","","","","",""
"Paim (RS)","","2","7","17","45","agência","34","21","Porto Alegre","0","","","","",""
"Panvel","","0","3","1","6","","7","0","","0","","","","",""
"Panvel","","0","0","0","0","","0","0","","0","","","","",""
"Panvel","","0","0","0","0","","0","0","","0","","","","",""
"Panvel","","0","0","0","0","","0","0","","0","","","","",""
"Páprika","","0","1","0","1","","0","0","","0","","","","",""
"Paquetá","","0","0","0","0","","0","0","","0","","","","",""
"Paquetá - RETAIL","","0","2","1","4","","12","9","","0","","","","",""
"Paquetá Esportes","Comércio - Atacado e Varejo","0","0","0","0","anunciante","0","0","Porto Alegre","3","acima R$ 5 Mi","Rio Grande do Sul","agência","Médio",""
"Paraná Banco","Outros","1","1","0","0","anunciante","0","0","Curitiba","5","R$ 100 a 999 Mil","Paraná","agência","Grande",""
"Paraná Clube","","1","0","0","0","","0","0","","0","","","","",""
"Parana Clube","","0","0","0","1","","0","0","","0","","","","",""
"Park Shopping Canoas","","0","0","2","0","","1","0","","0","","","","",""
"ParkShopping Canoas","","0","0","0","1","","3","0","","0","","","","",""
"ParkShopping Canoas","","0","0","0","0","","0","0","","0","","","","",""
"Patio Batel","","1","0","0","0","","0","0","","0","","","","",""
"Pátio Higienópolis","","0","0","0","0","","0","0","","0","","","","",""
"Pavioli","","0","1","0","0","","2","0","","0","","","","",""
"Pegada","Couro e Calçados","0","2","0","2","anunciante","1","0","Dois Irmãos","2","abaixo de R$ 100 mil","Rio Grande do Sul","agência","Médio",""
"Pense Avanti","","0","1","0","1","","1","0","","0","","","","",""
"Pereira ODell (SP)","","0","1","1","4","","2","0","","0","","","","",""
"Perinatal","","0","0","0","0","","0","0","","0","","","","",""
"Pernambucanas","Comércio - Atacado e Varejo","0","0","1","3","anunciante","5","0","São Paulo","5","R$ 1 a 5 Mi","São Paulo","agência","Grande",""
"Perto","","0","0","0","1","","1","0","","0","","","","",""
"Petit Jolie","","0","1","0","2","","9","0","","0","","","","",""
"Petit Jolie","","0","0","0","0","","0","0","","0","","","","",""
"Petrobras","","0","0","0","0","","0","0","","0","","","","",""
"Pettenati","","1","0","0","0","","0","0","","0","","","","",""
"Pfiser","","0","0","0","0","","0","0","","0","","","","",""
"Pfizer","","0","0","0","0","","0","0","","0","","","","",""
"PIÁ","","0","0","0","0","","0","0","","0","","","","",""
"PIC ME","","1","0","0","0","","0","0","","0","","","","",""
"Piccadilly","Couro e Calçados","2","1","0","0","anunciante","0","0","Igrejinha","5","R$ 1 a 5 Mi","Rio Grande do Sul","agência","Médio",""
"Picodi.com","","0","1","0","1","","0","0","","0","","","","",""
"Picodi.com","","0","0","0","0","","0","0","","0","","","","",""
"Piemonte Construtora","","0","0","1","0","","1","0","","0","","","","",""
"Piemonte Construtora","","0","0","0","0","","0","0","","0","","","","",""
"Pimenta do Reino","","0","1","0","1","agência","6","0","","0","","","","",""
"PIRAHY Alimentos","","0","1","0","2","","2","0","","0","","","","",""
"Pirisa","Agropecuária","1","0","0","0","anunciante","0","0","Taquara","0","","Rio Grande do Sul","direto","",""
"Pittol Calçados","","1","0","0","0","","0","0","","0","","","","",""
"Pizzaria Baggio","Alimentos e Bebidas","0","0","0","1","anunciante","2","0","Curitiba","2","R$ 100 a 999 Mil","Paraná","agência","Pequeno",""
"Pizzaria Baggio","","0","0","0","0","","0","0","","0","","","","",""
"Plaenge","","1","1","0","0","","0","0","","0","","","","",""
"Plan (RS)","","0","2","0","2","","3","3","","0","","","","",""
"Plan Mkt Digital","","0","1","0","1","","0","0","","0","","","","",""
"Planeta Atlântida","","0","0","0","0","","0","0","","0","","","","",""
"PMPA","","0","1","0","1","","1","0","","0","","","","",""
"Polvo","","0","1","0","0","","1","0","","0","","","","",""
"Porto de Imbituba","","0","0","0","0","","0","0","","0","","","","",""
"Porto Seguro","","1","0","0","0","","0","0","","0","","","","",""
"Portobello","","0","0","0","0","","0","0","","0","","","","",""
"Positivo","","0","1","0","1","","0","0","","0","","","","",""
"Positivo Informática","","1","3","0","1","","3","3","","0","","","","",""
"Positivo Informática","","0","0","0","0","","0","0","","0","","","","",""
"Posthaus","Têxtil e Confecções","1","0","0","0","anunciante","1","0","Blumenau","0","R$ 1 a 5 Mi","Santa Catarina","direto","Grande",""
"Praetzel (RS)","","1","1","0","0","","0","0","","0","","","","",""
"Praia de Belas Shopping","","0","0","0","0","","0","0","","0","","","","",""
"Praia de Belas Shopping Center","","0","0","1","0","","0","0","","0","","","","",""
"Praia de Belas Shopping Center","","0","0","0","0","","0","0","","0","","","","",""
"Pranay Corretora de Seguros Ltda","","1","1","0","0","","0","0","","0","","","","",""
"Prat-K","","0","0","0","0","","0","0","","0","","","","",""
"Prata Esquadrias","","0","0","0","0","","0","0","","0","","","","",""
"Pravy (SP)","","0","1","0","1","","1","0","","0","","","","",""
"Prefeitura de Canoas","","0","1","1","0","","0","0","","0","","","","",""
"Prefeitura de Caxias do Sul","","1","1","0","0","","0","0","","0","","","","",""
"Prefeitura de Caxias do Sul","","0","0","0","0","","0","0","","0","","","","",""
"Prefeitura de Curitiba","","0","0","0","0","","0","0","","0","","","","",""
"Prefeitura de Novo Hamburgo","","0","0","0","0","","0","0","","0","","","","",""
"Prefeitura de Porto Alegre","","0","0","0","0","","0","0","","0","","","","",""
"Prefeitura de São José","","0","0","0","1","","2","0","","0","","","","",""
"Previsul","","0","0","0","0","","0","0","","0","","","","",""
"Primi Stili","","0","0","0","0","","0","0","","0","","","","",""
"Primor","","0","0","0","0","","0","0","","0","","","","",""
"Principio Comunicação","","0","0","0","0","","0","0","","0","","","","",""
"Pro Target","","0","0","0","0","","0","0","","0","","","","",""
"Produtora Batuque","","1","0","0","0","","0","0","","0","","","","",""
"Projetual","","0","1","0","0","","2","0","","0","","","","",""
"Pronexo (RS)","","0","1","7","12","agência","5","0","Novo Hamburgo","0","","","","",""
"Pronto falei","","0","1","0","0","","0","0","","0","","","","",""
"Propague","","0","0","0","1","","0","0","","0","","","","",""
"Propague","","0","0","0","2","","3","0","","0","","","","",""
"Propague (SC)","","1","2","0","8","","6","0","","0","","","","",""
"Propulsão Digital","Educação","0","0","0","0","anunciante","0","0","Itajaí/SC","0","abaixo de R$ 100 mil","Santa Catarina","direto","Micro","Médio"
"Publivar (RS)","","0","4","6","4","agência","3","0","Porto Alegre","0","","","","",""
"Publya","","0","1","0","1","","0","0","","0","","","","",""
"Publya","","0","0","0","0","","0","0","","0","","","","",""
"PUC PR","Educação","4","1","2","2","anunciante","3","0","Curitiba","7","R$ 1 a 5 Mi","Paraná","agência","Médio",""
"PUC SC","","0","0","1","0","","2","0","","0","","","","",""
"PUCRS","Educação","2","1","0","2","anunciante","5","0","Porto Alegre","3","R$ 1 a 5 Mi","Rio Grande do Sul","agência","Médio",""
"PUFV","","1","0","0","1","","2","0","","0","","","","",""
"PUFV","","0","0","0","0","","0","0","","0","","","","",""
"Puro Movimento","","0","1","0","4","","0","0","","0","","","","",""
"Puro Trato","","1","0","0","0","","0","0","","0","","","","",""
"QI Faculdades e Escolas","","1","1","0","0","","0","0","","0","","","","",""
"Quadra Comunicação","","0","1","1","2","","5","0","","0","","","","",""
"Quadrante Sul","","0","1","0","1","","0","0","","0","","","","",""
"Qualé Digital","","1","0","0","0","","0","0","","0","","","","",""
"Qualitta Rh","","0","0","0","0","","0","0","","0","","","","",""
"Queen Mob","","0","1","0","1","","0","4","","0","","","","",""
"Racon","","0","0","0","0","","0","0","","0","","","","",""
"Rádio Alegria","Outros","0","1","1","0","anunciante","0","0","Novo Hamburgo","0","","Rio Grande do Sul","direto","",""
"Raffcom (SC)","","1","1","0","1","","1","0","","0","","","","",""
"Rage (RS)","","0","3","0","2","","5","1","","0","","","","",""
"Ramarim","Couro e Calçados","0","1","2","1","anunciante","2","0","Nova Hartz","3","acima R$ 5 Mi","Rio Grande do Sul","agência","Médio","Médio"
"Randon","","0","0","0","0","","0","0","","0","","","","",""
"RBA Comunicação (RS)","","0","1","0","1","agência","2","0","Novo Hamburgo","0","","Rio Grande do Sul","","",""
"RBS","Comunicação, Edit. e Gráfica","0","0","0","1","anunciante","2","0","Porto Alegre","10","acima R$ 5 Mi","Rio Grande do Sul","agência","Grande",""
"redefit","","1","1","0","0","outro","0","0","","0","","","","",""
"RedeMac","Material de Construção","1","1","0","0","anunciante","0","0","Gravataí","0","","Rio Grande do Sul","direto","",""
"RedeMac","","0","0","0","0","","0","0","","0","","","","",""
"Reebok","","0","0","0","0","","0","0","","0","","","","",""
"Reebok","","0","0","0","0","","0","0","","0","","","","",""
"Reis Vergara","","0","0","6","0","","0","0","","0","","","","",""
"Renauxview","","0","0","0","0","","0","0","","0","","","","",""
"RentCars","","0","1","0","1","","0","0","","0","","","","",""
"RentCars","","0","0","0","0","","0","0","","0","","","","",""
"Residencial Pedra Branca","","0","0","0","0","","0","0","","0","","","","",""
"Resultados Digitais","Outros","0","1","1","0","anunciante","0","0","Florianópolis","30","R$ 100 a 999 Mil","Santa Catarina","direto","Grande","Baixo"
"RevBox","","0","1","0","1","","0","0","","0","","","","",""
"RevBox","","0","0","0","0","","0","0","","0","","","","",""
"Revista Playboy","","0","0","0","0","","0","0","","0","","","","",""
"Ri Happy","","0","0","0","0","","0","0","","0","","","","",""
"Ri Happy Baby","","0","0","0","0","","0","0","","0","","","","",""
"Riachuelo","","0","0","0","0","","0","0","","0","","","","",""
"Rick_Poly and Family","Comércio - Atacado e Varejo","0","1","1","0","anunciante","0","0","Londrina","1","R$ 100 a 999 Mil","Paraná","direto","Micro",""
"Riffel","","0","0","0","0","","0","0","","0","","","","",""
"Rissul","Alimentos e Bebidas","1","0","0","1","anunciante","1","0","São Leopoldo","0","R$ 100 a 999 Mil","Rio Grande do Sul","agência","Médio",""
"Rodoil","","0","0","0","0","","0","0","","0","","","","",""
"Rolamentos Werlang","","0","1","0","0","","0","0","","0","","","","",""
"Romanzza","","1","0","0","0","","4","0","","0","","","","",""
"Rosa Tatuada","","0","0","0","0","","0","0","","0","","","","",""
"Rotta Ely","","1","1","0","0","","0","0","","0","","","","",""
"RPX (Pro HDX)","","0","0","0","0","anunciante","0","0","Balneário Camboriú","0","abaixo de R$ 100 mil","Santa Catarina","direto","","Baixo"
"Rumo ALL","","0","0","1","0","","0","0","","0","","","","",""
"Run","","0","0","0","1","","0","0","","0","","","","",""
"S2 Parking","","0","0","0","0","","0","0","","0","","","","",""
"Saccaro","","0","0","1","0","","1","0","","0","","","","",""
"Safe SST","","0","1","0","1","","0","0","","0","","","","",""
"Safeweb","","1","1","0","0","","0","1","","0","","","","",""
"Safira","","0","0","0","0","","0","0","","0","","","","",""
"Saloni","","0","0","0","0","","0","0","","0","","","","",""
"Sambba (SC)","","0","2","3","6","agência","11","0","","0","","","","",""
"Samsung","","0","0","0","0","","0","0","","0","","","","",""
"Sanibrás","","1","1","0","1","","3","0","","0","","","","",""
"Sanremo","","1","1","0","0","anunciante","0","0","Esteio","0","","Rio Grande do Sul","direto","",""
"Sanremo","","0","0","0","0","","0","0","","0","","","","",""
"Santa Clara","","0","0","0","0","","0","0","","0","","","","",""
"Santa Clara (SP)","","0","1","0","1","","0","0","","0","","","","",""
"Santa Clara Alimentos","","2","0","0","0","","0","0","","0","","","","",""
"Santa Lolla","","0","0","0","0","","0","0","","0","","","","",""
"Santista","","1","0","0","0","","1","0","","0","","","","",""
"SanTur","","0","0","0","0","","0","0","","0","","","","",""
"Savarauto","","2","0","0","0","","1","0","","0","","","","",""
"Schar","Alimentos e Bebidas","1","0","0","0","anunciante","1","0","Porto Alegre","1","acima R$ 5 Mi","Rio Grande do Sul","agência","Médio",""
"Schar","","0","0","0","0","","0","0","","0","","","","",""
"Schutz","","0","0","0","0","","0","0","","0","","","","",""
"Schutz","","0","0","0","2","","0","0","","0","","","","",""
"Scotch Brite","","1","0","0","0","","3","0","","0","","","","",""
"Sebrae PR","","1","0","0","0","","0","0","","0","","","","",""
"Sebrae SP","","2","0","0","0","","2","0","","0","","","","",""
"Sebrae União e Vale do Piquiri","","1","0","0","0","","0","0","","0","","","","",""
"Sebrae-RS","Serviços Públicos","2","0","3","0","anunciante","0","0","Porto Alegre","0","acima R$ 5 Mi","Rio Grande do Sul","agência","Grande",""
"SECAD","","1","1","2","0","","0","0","","0","","","","",""
"SECAD","","0","0","0","0","","0","0","","0","","","","",""
"SECOM RS","Serviços Públicos","1","2","0","1","anunciante","0","0","Porto Alegre","5","acima R$ 5 Mi","Rio Grande do Sul","agência","Grande",""
"SECOM SC","Serviços Públicos","1","1","2","1","anunciante","0","0","Florianópolis","15","acima R$ 5 Mi","Santa Catarina","agência","Grande","Médio"
"SECS - PR","","0","1","0","1","","0","0","","0","","","","",""
"SEDUC RS","","0","0","0","1","","0","0","","0","","","","",""
"Seekr","","0","1","1","0","","0","0","","0","","","","",""
"Seeling","","0","0","0","0","","0","0","","0","","","","",""
"Seguros Unimed","Saúde","0","0","4","0","anunciante","0","0","Porto Alegre","0","acima R$ 5 Mi","Rio Grande do Sul","agência","Grande",""
"Selling (RS)","","0","5","1","11","","6","7","","0","","","","",""
"sem nome","","2","1","0","0","","2","0","","0","","","","",""
"Senac RS","","1","1","0","1","","5","0","","0","","","","",""
"Senac SC","","1","0","0","0","","0","0","","0","","","","",""
"SENAI","Outros","0","2","0","3","anunciante","1","0","Curitiba","5","R$ 100 a 999 Mil","","direto","Grande",""
"SENAI PR","","0","0","3","0","","0","0","","0","","","","",""
"SENAI PR","","0","0","0","0","","0","0","","0","","","","",""
"SENAI RS","","0","0","0","1","","2","0","","0","","","","",""
"SENAI SC","","2","0","0","0","","2","0","","0","","","","",""
"Serasa","","0","0","0","0","","0","0","","0","","","","",""
"Serasa","","0","0","0","0","","0","0","","0","","","","",""
"SESC RS","Outros","0","0","0","0","anunciante","0","0","","5","acima R$ 5 Mi","Rio Grande do Sul","agência","Grande",""
"Sesc SC","","0","0","0","0","","0","0","","0","","","","",""
"Sescoop Rs","","0","0","0","0","","0","0","","0","","","","",""
"SESI","","1","0","0","0","","0","0","","0","","","","",""
"SESI / SENAI RS","","0","0","0","0","","0","0","","0","","","","",""
"SESI PR","","0","0","0","0","","0","0","","0","","","","",""
"Shopbaby Kids","","0","0","0","0","","0","0","","0","","","","",""
"Shopbabykids","Comércio - Atacado e Varejo","0","1","1","0","anunciante","0","0","Nova Esperança","2","abaixo de R$ 100 mil","Paraná","direto","Micro",""
"Shopping Cantareira Norte","","0","0","0","0","","0","0","","0","","","","",""
"Shopping de Ideias","","1","2","0","1","","1","0","","0","","","","",""
"Shopping Iguatemi SC","","1","0","0","0","","0","0","","0","","","","",""
"Shopping Itaguaçu","","0","0","0","1","","0","0","","0","","","","",""
"Shopping Mueller","","0","1","0","4","","0","0","","0","","","","",""
"Shopping Palladium","Comércio - Atacado e Varejo","1","1","1","10","anunciante","15","8","Curitiba","3","R$ 100 a 999 Mil","Paraná","agência","Médio",""
"Shopping Pátio Batel","","1","0","0","0","","0","0","","0","","","","",""
"Sicredi Central RS","Financeiro","5","3","0","10","anunciante","27","4","Porto Alegre","15","acima R$ 5 Mi","Rio Grande do Sul","agência","Grande",""
"Sicredi PR","","1","1","0","1","","3","0","","0","","","","",""
"Sicredi União","","0","0","0","0","","0","0","","0","","","","",""
"Sidesc","","2","0","0","0","","2","0","","0","","","","",""
"Siemens","","0","0","0","0","","0","0","","0","","","","",""
"Sierra Móveis","","1","0","0","0","","3","0","","0","","","","",""
"SIM Rede de Postos","","1","0","0","0","anunciante","2","0","","0","","Rio Grande do Sul","agência","",""
"Simbiose Talentos","","0","0","0","0","","0","0","","0","","","","",""
"Similar Web","","0","1","0","1","","0","0","","0","","","","",""
"Sindha POA","","1","0","0","1","","0","0","","0","","","","",""
"Sindicato das Escolas Particulares","","0","0","0","0","","0","0","","0","","","","",""
"Sindilojas","","1","1","1","0","","1","0","","0","","","","",""
"Sinoscar","","1","0","0","0","","0","0","","0","","","","",""
"Siriweb","","0","0","0","1","","1","0","","0","","","","",""
"Sky Banda Larga","","1","0","0","0","","0","0","","0","","","","",""
"Slaviero","Turismo e Hotelaria","0","0","0","0","anunciante","0","0","São Paulo","5","R$ 100 a 999 Mil","Paraná","agência","Médio",""
"Snowland","","0","1","1","0","","0","0","","0","","","","",""
"So What","","0","0","0","0","","1","0","","0","","","","",""
"So.Si","","0","0","0","0","","0","0","","0","","","","",""
"Sociedade da Mesa","Alimentos e Bebidas","0","0","0","0","anunciante","0","0","Rio de Janeiro","10","R$ 1 a 5 Mi","Rio de Janeiro","agência","Médio",""
"Software","","0","0","0","1","","4","0","","0","","","","",""
"Soluções Acústicas Pablo Serrano","","0","1","0","1","","2","0","","0","","","","",""
"Sony","","0","0","0","0","","0","0","","0","","","","",""
"Sorrifácil","","0","0","1","0","","0","0","","0","","","","",""
"Soundthinkers","","0","1","0","1","","0","0","","0","","","","",""
"Soundthinkers","","0","0","0","0","","0","0","","0","","","","",""
"SouNet","","1","1","0","0","","3","0","","0","","","","",""
"Sport Clube Internacional","","1","0","0","1","","1","0","","0","","","","",""
"Sportion","","0","3","0","3","","1","0","","0","","","","",""
"SPR (RS)","","3","3","19","21","agência","26","0","Novo Hamburgo","0","","","","",""
"SSP SC","","0","0","0","0","","0","0","","0","","","","",""
"ST Marcher","","0","0","0","0","","0","0","","0","","","","",""
"Stara","","1","0","0","0","","0","0","","0","","","","",""
"StartUp","","0","0","0","0","","0","0","","0","","","","",""
"Steal The Look","","0","1","0","0","","1","0","","0","","","","",""
"Stemac","","1","0","0","0","","1","0","","0","","","","",""
"STIHL","Máquinas e Equipamentos","2","0","1","5","anunciante","9","0","São Leopoldo","0","R$ 1 a 5 Mi","Rio Grande do Sul","agência","Médio",""
"Stihl","","0","1","0","1","","2","0","","0","","","","",""
"stuhlberger","","1","0","0","0","","1","0","","0","","","","",""
"stuhlberger","","0","0","0","0","","0","0","","0","","","","",""
"STZ","","2","0","1","2","","12","0","","0","","","","",""
"Suaposta","","0","0","0","0","","0","0","","0","","","","",""
"Substância Gastronomia Light","","0","0","0","0","","0","0","","0","","","","",""
"Subway","Alimentos e Bebidas","0","0","0","0","anunciante","0","0","São Paulo","10","R$ 1 a 5 Mi","","agência","Grande",""
"Sul Peças","","1","1","0","0","","0","0","","0","","","","",""
"SulGás","","0","0","0","0","anunciante","0","0","Porto Alegre","0","acima R$ 5 Mi","Rio Grande do Sul","agência","",""
"Super Carros","","0","0","0","0","","0","0","","0","","","","",""
"Super Carros","","1","1","0","1","","4","0","","0","","","","",""
"Super em Kasa","","1","1","0","0","","0","0","","0","","","","",""
"SuperAuto","","0","0","0","0","","0","0","","0","","","","",""
"Superlegal Brinquedos","","0","0","1","0","anunciante","2","0","","0","","Rio Grande do Sul","agência","",""
"Superlegal Brinquedos","","0","0","0","0","","0","0","","0","","","","",""
"Supermercados Festval","","1","1","0","0","","0","0","","0","","","","",""
"Supernova Comunicação (SC)","","0","1","1","0","","3","0","","0","","","","",""
"Supper Rissul","Comércio - Atacado e Varejo","0","0","0","1","anunciante","2","0","São Leopoldo","0","","Rio Grande do Sul","agência","",""
"Supper Rissul","","0","0","0","0","","0","0","","0","","","","",""
"Suprema","","0","0","0","0","","0","0","","0","","","","",""
"Sushiaki Japanese Food","","0","0","0","0","","0","0","","0","","","","",""
"Swift","","0","0","0","0","","0","0","","0","","","","",""
"Tag Interativa (SC)","","1","0","1","0","","0","0","","0","","","","",""
"TAG LIVROS","Outros","0","1","2","0","anunciante","3","0","Porto Alegre","2","R$ 100 a 999 Mil","Rio Grande do Sul","direto","Micro",""
"Talking Net","","0","0","0","0","","0","0","","0","","","","",""
"Tanara","Couro e Calçados","0","2","0","1","anunciante","0","0","Nova Petrópolis","2","abaixo de R$ 100 mil","Rio Grande do Sul","agência","Médio",""
"Taqi","","0","0","0","0","","0","0","","0","","","","",""
"Taste (PR)","","0","1","0","0","","2","0","","0","","","","",""
"Taste ag","","1","1","0","0","","0","0","","0","","","","",""
"Taura","","0","0","0","0","","0","0","","0","","","","",""
"Techflow","","0","1","0","1","","2","0","","0","","","","",""
"Tecnisa","","0","0","0","1","","4","0","","0","","","","",""
"Tekoa","","0","0","0","1","","0","0","","0","","","","",""
"Termolar","","0","1","0","0","","1","0","","0","","","","",""
"TGD","","0","0","0","0","","0","0","","0","","","","",""
"The Wedge Marketing Digital","","0","1","0","1","","0","0","","0","","","","",""
"Thony","","0","1","1","1","","3","3","","0","","","","",""
"Tif","","0","0","0","0","","0","0","","0","","","","",""
"TIF Comunicação","","0","3","1","4","","1","1","","0","","","","",""
"Tigre","","0","0","1","0","","7","0","","0","","","","",""
"Tigre","","0","0","0","0","","0","0","","0","","","","",""
"Tigre","","0","0","0","0","","0","0","","0","","","","",""
"Tikiweb","","1","0","0","0","","0","0","","0","","","","",""
"Tim","","1","0","0","0","","0","0","","0","","","","",""
"TIM","","0","0","0","0","","0","0","","0","","","","",""
"TIM NORDESTE","","0","0","1","0","","0","0","","0","","","","",""
"Tintas Killing","Química","2","0","0","0","anunciante","1","0","Novo Hamburgo","0","","Rio Grande do Sul","agência","",""
"Tirol","","1","0","0","0","","0","0","","0","","","","",""
"Titulo de Capitalização","","0","0","1","0","","0","0","","0","","","","",""
"TNB Studio","","1","1","0","0","","1","0","","0","","","","",""
"To de Cacho","","0","0","0","0","","0","0","","0","","","","",""
"Todeschini","","1","0","0","0","","0","0","","0","","","","",""
"TOK","","0","0","0","0","","0","0","","0","","","","",""
"Toolbox (SC)","","0","1","1","1","","4","0","","0","","","","",""
"Tornak","","1","1","0","0","","0","0","","0","","","","",""
"Toyota Sulpar","","1","1","0","0","","0","0","","0","","","","",""
"Track Brasil","","0","1","0","1","agência","0","0","","0","","","","",""
"Tractebel","","0","0","0","0","","0","0","","0","","","","",""
"Tramontina","","0","0","3","0","","0","0","","0","","","","",""
"Tramontina","Outros","3","1","5","2","anunciante","2","0","Carlos Barbosa","10","acima R$ 5 Mi","Rio Grande do Sul","agência","Grande",""
"Tramonto","","0","0","0","0","","0","0","","0","","","","",""
"Treino e Corrida","","1","1","0","0","","0","0","","0","","","","",""
"Trends Content (SC)","","0","1","1","3","","1","1","","0","","","","",""
"Trianon","","0","0","0","1","","2","0","","0","","","","",""
"Trijóia","","0","0","0","0","","0","0","","0","","","","",""
"Trinca","","0","0","0","0","","0","0","","0","","","","",""
"True Agency (SP)","","0","1","0","1","","0","0","","0","","","","",""
"Tumelero Construtora","","0","0","0","0","","0","0","","0","","","","",""
"Tupy","","0","0","0","0","","0","0","","0","","","","",""
"Uatt?","","1","1","0","0","","5","0","","0","","","","",""
"UCS","","0","0","0","0","","0","0","","0","","","","",""
"UCS","","2","1","0","0","","0","0","","0","","","","",""
"Uergs","Educação","0","0","0","0","anunciante","0","0","Porto Alegre","5","acima R$ 5 Mi","Rio Grande do Sul","agência","Grande",""
"UFC","","0","0","0","0","","0","0","","0","","","","",""
"Ulbra","","1","1","0","0","","0","0","","0","","","","",""
"UMA","","0","0","0","0","","0","0","","0","","","","",""
"UMA INCORPORADORA","","0","0","0","1","","0","0","","0","","","","",""
"Umbler","","0","0","0","1","","0","0","","0","","","","",""
"Umbler","","0","0","0","1","","0","0","","0","","","","",""
"Umbler","","0","0","0","1","","0","0","","0","","","","",""
"Uniasselvi","","0","0","0","0","","0","0","","0","","","","",""
"Unicasa","","1","0","0","0","","1","0","","0","","","","",""
"Unicesumar","","0","1","0","0","","1","0","","0","","","","",""
"Unicred","","0","0","0","0","","0","0","","0","","","","",""
"Unicred PR","Outros","0","0","0","0","anunciante","0","0","Ponta Grossa","10","R$ 100 a 999 Mil","Paraná","agência","Pequeno",""
"Unicred RS","Saúde","0","0","2","0","anunciante","1","0","Porto Alegre","0","R$ 1 a 5 Mi","Rio Grande do Sul","agência","Médio",""
"Unidasul","","1","1","0","0","","0","0","","0","","","","",""
"Unilasalle","Educação","0","1","4","0","anunciante","1","0","Canoas","2","R$ 1 a 5 Mi","Rio Grande do Sul","agência","Pequeno",""
"Unilever","","0","2","0","1","","0","0","","0","","","","",""
"Unilínguas","","0","0","0","0","","0","0","","0","","","","",""
"Unimed","","1","0","0","0","","2","0","","0","","","","",""
"Unimed","","0","0","0","0","","0","0","","0","","","","",""
"Unimed","","0","0","0","0","","0","0","","0","","","","",""
"Unimed Curitiba","","0","0","0","1","anunciante","0","0","Curitiba","10","R$ 100 a 999 Mil","Paraná","agência","",""
"Unimed POA","","2","0","1","3","","1","0","","0","","","","",""
"Unimed SC","","1","0","0","0","","0","0","","0","","","","",""
"Unimed VS","","0","0","0","1","","1","0","","0","","","","",""
"Uninter","","0","2","0","2","","4","0","","0","","","","",""
"Uniritter","Educação","0","0","2","1","anunciante","11","0","Porto Alegre","3","acima R$ 5 Mi","Rio Grande do Sul","agência","Médio",""
"Unisinos","","0","0","1","0","","0","0","","0","","","","",""
"Unisinos","Educação","1","2","9","1","anunciante","13","0","São Leopoldo","7","acima R$ 5 Mi","Rio Grande do Sul","agência","Grande",""
"UniSociesc","","1","1","0","0","","0","0","","0","","","","",""
"Unisul","Educação","1","1","20","1","anunciante","17","0","Tubarão/SC","0","R$ 1 a 5 Mi","Santa Catarina","agência","Grande","Médio"
"Univali","Educação","2","0","6","1","anunciante","12","0","Itajaí/SC","0","R$ 1 a 5 Mi","Santa Catarina","agência","Grande","Médio"
"Univates","Educação","0","3","2","1","anunciante","0","0","Lageado","2","R$ 1 a 5 Mi","Rio Grande do Sul","direto","Médio",""
"Universidade Católica de Brasília – UCB","","1","0","0","0","","0","0","","0","","","","",""
"Universidade Positivo","Educação","0","1","0","2","anunciante","9","0","Curitiba","5","R$ 100 a 999 Mil","Paraná","agência","Médio",""
"Universidade Positivo EAD","Educação","2","1","3","1","anunciante","11","0","Curitiba","10","R$ 1 a 5 Mi","Paraná","direto","Grande",""
"Universidade Positivo EAD","","0","0","0","0","","0","0","","0","","","","",""
"Universidade Tuiuti do Paraná","","0","0","1","0","","0","0","","0","","","","",""
"Up  And Go (RS)","","0","1","4","0","agência","0","0","","0","","","","",""
"Urban Farmcy","Alimentos e Bebidas","1","1","0","0","anunciante","1","0","Porto Alegre","1","abaixo de R$ 100 mil","Rio Grande do Sul","direto","Pequeno",""
"Urban Farmcy","","0","0","0","0","","0","0","","0","","","","",""
"Urbano","","1","0","0","0","","1","0","","0","","","","",""
"Uroclinic","","0","0","0","2","","5","0","","0","","","","",""
"Usaflex","Couro e Calçados","1","1","0","0","anunciante","0","0","Igrejinha","0","R$ 1 a 5 Mi","Rio Grande do Sul","direto","Médio",""
"Vaio","","0","0","0","0","","0","0","","0","","","","",""
"Vale Fértil","","0","0","0","0","","0","0","","0","","","","",""
"Valmidia","","0","0","0","0","","0","0","","0","","","","",""
"Velopark","","1","1","0","0","","0","0","Nova Santa Ritaa","0","","","","",""
"Verbal","","0","0","0","0","","0","0","","0","","","","",""
"Verbo Juridico","","0","1","0","1","","1","0","","0","","","","",""
"Verbo Juridico","","0","0","0","0","","0","0","","0","","","","",""
"Verint","","0","0","0","0","","0","0","","0","","","","",""
"Via Marte","Couro e Calçados","0","1","1","0","anunciante","11","1","Nova Hartz","0","","Rio Grande do Sul","agência","Médio",""
"Via Marte","Couro e Calçados","0","0","0","0","anunciante","0","0","Nova Hartz","1","abaixo de R$ 100 mil","Rio Grande do Sul","agência","Médio",""
"Via Porto","","1","1","0","0","","0","0","","0","","","","",""
"Viaflow","","0","0","0","1","","1","0","","0","","","","",""
"Vicenza Calçados","","1","1","0","0","","0","0","","0","","","","",""
"Vida de Turista","","0","0","0","1","","0","0","","0","","","","",""
"Vida Empreendimentos Digitais","Educação","0","1","0","0","anunciante","0","0","Porto Alegre","1","R$ 100 a 999 Mil","Rio Grande do Sul","direto","Micro",""
"Vigzul","","0","0","2","1","","0","0","","0","","","","",""
"Vinícola Aurora","Alimentos e Bebidas","0","2","2","2","anunciante","4","1","Bento Gonçalves","2","R$ 1 a 5 Mi","Rio Grande do Sul","agência","Médio",""
"Vipal","","0","0","0","0","","0","0","","0","","","","",""
"Vipal","","0","0","0","0","","0","0","","0","","","","",""
"Virtuato Comunicação Digital (SC)","","1","1","0","0","","2","0","","0","","","","",""
"Virtueyes","","0","0","0","1","","0","0","","0","","","","",""
"Vita Boulevard","","0","0","0","0","","0","0","","0","","","","",""
"Vivo","Telecomunicações","0","0","0","1","anunciante","0","0","São Paulo","20","acima R$ 5 Mi","São Paulo","agência","Grande",""
"Vodol","Saúde","0","0","0","0","anunciante","0","0","","0","acima R$ 5 Mi","São Paulo","agência","Grande",""
"Volvo","","0","0","0","0","","0","0","","0","","","","",""
"Volvo Caminhões","","0","0","1","0","","8","0","","0","","","","",""
"Volvo Caminhões","","0","0","0","0","","0","0","","0","","","","",""
"Volvo Truck","","0","0","0","0","","0","0","","0","","","","",""
"Vonpar","","0","1","0","0","","3","0","","0","","","","",""
"Voodoo Branded Content","","0","1","3","0","","13","0","","0","","","","",""
"votomassa","","0","0","0","0","","0","0","","0","","","","",""
"Votorantim","","0","0","0","0","","0","0","","0","","","","",""
"Voük Comunicação (SC)","","0","1","1","0","","1","0","","0","","","","",""
"W3haus (SP)","","0","4","0","2","","0","0","","0","","","","",""
"Warner Brasil","","0","0","0","0","","0","0","","0","","","","",""
"Waycomm (RS)","","0","0","0","0","","0","0","","0","","","","",""
"Webcontatos","","0","1","0","1","","0","0","","0","","","","",""
"West Coast","","0","0","0","0","","0","0","","0","","","","",""
"Whoop","Couro e Calçados","0","0","1","0","anunciante","0","0","Nova Hartz","2","R$ 1 a 5 Mi","Rio Grande do Sul","agência","Médio",""
"Wikihaus","","0","3","0","1","","1","0","","0","","","","",""
"Wine Club","","0","0","0","0","","0","0","","0","","","","",""
"Wine.com","","0","1","0","0","","1","0","","0","","","","",""
"Wine.com","","0","0","0","0","","0","0","","0","","","","",""
"WOA Empreendimentos","","0","0","0","1","","1","0","","0","","","","",""
"WT Agência (RS)","","0","3","1","4","","0","0","","0","","","","",""
"Wunderman (SP)","","0","1","0","1","","0","0","","0","","","","",""
"Y Propaganda","","0","1","1","2","","7","0","","0","","","","",""
"Yara","","2","0","0","1","","1","0","","0","","","","",""
"Yázigi RS","Educação","1","0","0","0","anunciante","2","0","Porto Alegre","0","","Rio Grande do Sul","agência","",""
"Yetpet","","0","1","1","0","","2","0","","0","","","","",""
"Youcom","Comércio - Atacado e Varejo","2","2","0","0","anunciante","5","0","Porto Alegre","5","R$ 1 a 5 Mi","Rio Grande do Sul","agência","Médio",""
"Zaffari","Comércio - Atacado e Varejo","1","2","0","2","anunciante","8","0","Porto Alegre","7","acima R$ 5 Mi","Rio Grande do Sul","direto","Grande",""
"Zap Imóveis","","1","0","0","0","","4","0","","0","","","","",""
"Zap Imóveis","","0","0","0","0","","0","0","","0","","","","",""
"Zaxy","","0","0","0","0","","0","0","","0","","","","",""
"Zeenvia","","0","0","0","0","","0","0","","0","","","","",""
"Zenvia","Informática e Automação","0","0","0","0","anunciante","0","0","Porto Alegre","2","R$ 100 a 999 Mil","Rio Grande do Sul","agência","Pequeno",""
"Zero Cinco","","0","1","0","0","","1","0","","0","","","","",""
"Zero Hora","","0","1","0","1","","1","0","","0","","","","",""
"Zero Hora","","0","0","0","0","","0","0","","0","","","","",""
"Zero Hora","","0","0","0","0","","0","0","","0","","","","",""
